,MOS,Dist,Ref
0,5.9706,I01_01_1.bmp,I01.BMP
1,5.4167,I01_01_2.bmp,I01.BMP
2,4.5556,I01_01_3.bmp,I01.BMP
3,4.3143,I01_01_4.bmp,I01.BMP
4,6.1429,I01_02_1.bmp,I01.BMP
5,5.7941,I01_02_2.bmp,I01.BMP
6,5.4444,I01_02_3.bmp,I01.BMP
7,4.9143,I01_02_4.bmp,I01.BMP
8,4.8056,I01_03_1.bmp,I01.BMP
9,4.0286,I01_03_2.bmp,I01.BMP
10,3.5278,I01_03_3.bmp,I01.BMP
11,2.75,I01_03_4.bmp,I01.BMP
12,6.0286,I01_04_1.bmp,I01.BMP
13,5.9714,I01_04_2.bmp,I01.BMP
14,5.7429,I01_04_3.bmp,I01.BMP
15,4.8286,I01_04_4.bmp,I01.BMP
16,5.8571,I01_05_1.bmp,I01.BMP
17,5.6111,I01_05_2.bmp,I01.BMP
18,4.8571,I01_05_3.bmp,I01.BMP
19,3.5429,I01_05_4.bmp,I01.BMP
20,4.4706,I01_06_1.bmp,I01.BMP
21,4.2286,I01_06_2.bmp,I01.BMP
22,4.0294,I01_06_3.bmp,I01.BMP
23,3.3056,I01_06_4.bmp,I01.BMP
24,4.7778,I01_07_1.bmp,I01.BMP
25,4.1111,I01_07_2.bmp,I01.BMP
26,3.2,I01_07_3.bmp,I01.BMP
27,2.1667,I01_07_4.bmp,I01.BMP
28,4.7353,I01_08_1.bmp,I01.BMP
29,3.9143,I01_08_2.bmp,I01.BMP
30,3.2778,I01_08_3.bmp,I01.BMP
31,2.1765,I01_08_4.bmp,I01.BMP
32,5.7143,I01_09_1.bmp,I01.BMP
33,4.9143,I01_09_2.bmp,I01.BMP
34,3.0,I01_09_3.bmp,I01.BMP
35,1.2,I01_09_4.bmp,I01.BMP
36,5.9444,I01_10_1.bmp,I01.BMP
37,5.1667,I01_10_2.bmp,I01.BMP
38,3.3056,I01_10_3.bmp,I01.BMP
39,1.4571,I01_10_4.bmp,I01.BMP
40,5.8,I01_11_1.bmp,I01.BMP
41,5.1667,I01_11_2.bmp,I01.BMP
42,3.5556,I01_11_3.bmp,I01.BMP
43,1.0,I01_11_4.bmp,I01.BMP
44,6.4242,I01_12_1.bmp,I01.BMP
45,4.3056,I01_12_2.bmp,I01.BMP
46,4.1111,I01_12_3.bmp,I01.BMP
47,3.3889,I01_12_4.bmp,I01.BMP
48,4.1714,I01_13_1.bmp,I01.BMP
49,3.8235,I01_13_2.bmp,I01.BMP
50,3.5143,I01_13_3.bmp,I01.BMP
51,3.1765,I01_13_4.bmp,I01.BMP
52,6.3429,I01_14_1.bmp,I01.BMP
53,6.3429,I01_14_2.bmp,I01.BMP
54,5.6944,I01_14_3.bmp,I01.BMP
55,4.6111,I01_14_4.bmp,I01.BMP
56,2.5143,I01_15_1.bmp,I01.BMP
57,2.9706,I01_15_2.bmp,I01.BMP
58,3.8571,I01_15_3.bmp,I01.BMP
59,4.2778,I01_15_4.bmp,I01.BMP
60,5.9412,I01_16_1.bmp,I01.BMP
61,5.6286,I01_16_2.bmp,I01.BMP
62,5.8889,I01_16_3.bmp,I01.BMP
63,4.8571,I01_16_4.bmp,I01.BMP
64,6.5,I01_17_1.bmp,I01.BMP
65,4.9714,I01_17_2.bmp,I01.BMP
66,6.1944,I01_17_3.bmp,I01.BMP
67,3.9722,I01_17_4.bmp,I01.BMP
68,6.3,I02_01_1.bmp,I02.BMP
69,5.6563,I02_01_2.bmp,I02.BMP
70,4.9375,I02_01_3.bmp,I02.BMP
71,4.0645,I02_01_4.bmp,I02.BMP
72,6.1724,I02_02_1.bmp,I02.BMP
73,6.4688,I02_02_2.bmp,I02.BMP
74,5.4839,I02_02_3.bmp,I02.BMP
75,5.0313,I02_02_4.bmp,I02.BMP
76,4.8387,I02_03_1.bmp,I02.BMP
77,4.0333,I02_03_2.bmp,I02.BMP
78,3.6452,I02_03_3.bmp,I02.BMP
79,3.0938,I02_03_4.bmp,I02.BMP
80,6.1935,I02_04_1.bmp,I02.BMP
81,6.0,I02_04_2.bmp,I02.BMP
82,5.2813,I02_04_3.bmp,I02.BMP
83,4.5484,I02_04_4.bmp,I02.BMP
84,7.0,I02_05_1.bmp,I02.BMP
85,5.8065,I02_05_2.bmp,I02.BMP
86,4.875,I02_05_3.bmp,I02.BMP
87,3.5,I02_05_4.bmp,I02.BMP
88,4.5938,I02_06_1.bmp,I02.BMP
89,4.2188,I02_06_2.bmp,I02.BMP
90,4.0,I02_06_3.bmp,I02.BMP
91,3.5,I02_06_4.bmp,I02.BMP
92,5.7188,I02_07_1.bmp,I02.BMP
93,4.2581,I02_07_2.bmp,I02.BMP
94,3.6452,I02_07_3.bmp,I02.BMP
95,2.9063,I02_07_4.bmp,I02.BMP
96,5.6774,I02_08_1.bmp,I02.BMP
97,4.7097,I02_08_2.bmp,I02.BMP
98,4.0,I02_08_3.bmp,I02.BMP
99,3.125,I02_08_4.bmp,I02.BMP
100,5.6875,I02_09_1.bmp,I02.BMP
101,4.9063,I02_09_2.bmp,I02.BMP
102,3.9032,I02_09_3.bmp,I02.BMP
103,2.2258,I02_09_4.bmp,I02.BMP
104,6.125,I02_10_1.bmp,I02.BMP
105,5.8065,I02_10_2.bmp,I02.BMP
106,3.4375,I02_10_3.bmp,I02.BMP
107,2.5625,I02_10_4.bmp,I02.BMP
108,5.0625,I02_11_1.bmp,I02.BMP
109,2.9355,I02_11_2.bmp,I02.BMP
110,1.2333,I02_11_3.bmp,I02.BMP
111,0.0,I02_11_4.bmp,I02.BMP
112,4.5161,I02_12_1.bmp,I02.BMP
113,3.3226,I02_12_2.bmp,I02.BMP
114,2.8125,I02_12_3.bmp,I02.BMP
115,1.871,I02_12_4.bmp,I02.BMP
116,4.3548,I02_13_1.bmp,I02.BMP
117,3.7333,I02_13_2.bmp,I02.BMP
118,2.7188,I02_13_3.bmp,I02.BMP
119,3.6774,I02_13_4.bmp,I02.BMP
120,6.2581,I02_14_1.bmp,I02.BMP
121,5.5625,I02_14_2.bmp,I02.BMP
122,5.1875,I02_14_3.bmp,I02.BMP
123,4.1563,I02_14_4.bmp,I02.BMP
124,3.25,I02_15_1.bmp,I02.BMP
125,3.6875,I02_15_2.bmp,I02.BMP
126,4.125,I02_15_3.bmp,I02.BMP
127,4.4194,I02_15_4.bmp,I02.BMP
128,6.2813,I02_16_1.bmp,I02.BMP
129,5.5,I02_16_2.bmp,I02.BMP
130,5.4063,I02_16_3.bmp,I02.BMP
131,5.1333,I02_16_4.bmp,I02.BMP
132,6.5313,I02_17_1.bmp,I02.BMP
133,5.2188,I02_17_2.bmp,I02.BMP
134,5.1333,I02_17_3.bmp,I02.BMP
135,4.2188,I02_17_4.bmp,I02.BMP
136,5.5,I03_01_1.bmp,I03.BMP
137,5.0667,I03_01_2.bmp,I03.BMP
138,4.6207,I03_01_3.bmp,I03.BMP
139,4.2414,I03_01_4.bmp,I03.BMP
140,6.3333,I03_02_1.bmp,I03.BMP
141,5.7,I03_02_2.bmp,I03.BMP
142,5.3214,I03_02_3.bmp,I03.BMP
143,4.9655,I03_02_4.bmp,I03.BMP
144,4.3793,I03_03_1.bmp,I03.BMP
145,3.9655,I03_03_2.bmp,I03.BMP
146,3.6,I03_03_3.bmp,I03.BMP
147,3.069,I03_03_4.bmp,I03.BMP
148,6.2333,I03_04_1.bmp,I03.BMP
149,5.4667,I03_04_2.bmp,I03.BMP
150,4.9333,I03_04_3.bmp,I03.BMP
151,4.1429,I03_04_4.bmp,I03.BMP
152,6.3667,I03_05_1.bmp,I03.BMP
153,5.6,I03_05_2.bmp,I03.BMP
154,4.9,I03_05_3.bmp,I03.BMP
155,3.8333,I03_05_4.bmp,I03.BMP
156,4.8966,I03_06_1.bmp,I03.BMP
157,4.5517,I03_06_2.bmp,I03.BMP
158,4.0357,I03_06_3.bmp,I03.BMP
159,3.9,I03_06_4.bmp,I03.BMP
160,4.6897,I03_07_1.bmp,I03.BMP
161,4.0,I03_07_2.bmp,I03.BMP
162,3.8333,I03_07_3.bmp,I03.BMP
163,3.6207,I03_07_4.bmp,I03.BMP
164,5.7931,I03_08_1.bmp,I03.BMP
165,5.2414,I03_08_2.bmp,I03.BMP
166,4.0,I03_08_3.bmp,I03.BMP
167,3.069,I03_08_4.bmp,I03.BMP
168,6.931,I03_09_1.bmp,I03.BMP
169,5.5333,I03_09_2.bmp,I03.BMP
170,4.0345,I03_09_3.bmp,I03.BMP
171,2.1786,I03_09_4.bmp,I03.BMP
172,6.3929,I03_10_1.bmp,I03.BMP
173,5.4138,I03_10_2.bmp,I03.BMP
174,3.1667,I03_10_3.bmp,I03.BMP
175,2.2667,I03_10_4.bmp,I03.BMP
176,4.1379,I03_11_1.bmp,I03.BMP
177,2.8667,I03_11_2.bmp,I03.BMP
178,1.1379,I03_11_3.bmp,I03.BMP
179,0.1667,I03_11_4.bmp,I03.BMP
180,4.3667,I03_12_1.bmp,I03.BMP
181,3.1333,I03_12_2.bmp,I03.BMP
182,3.1333,I03_12_3.bmp,I03.BMP
183,2.3333,I03_12_4.bmp,I03.BMP
184,3.8,I03_13_1.bmp,I03.BMP
185,3.9667,I03_13_2.bmp,I03.BMP
186,3.3448,I03_13_3.bmp,I03.BMP
187,2.4333,I03_13_4.bmp,I03.BMP
188,6.0345,I03_14_1.bmp,I03.BMP
189,5.1,I03_14_2.bmp,I03.BMP
190,4.2069,I03_14_3.bmp,I03.BMP
191,3.2,I03_14_4.bmp,I03.BMP
192,3.069,I03_15_1.bmp,I03.BMP
193,4.2333,I03_15_2.bmp,I03.BMP
194,4.3,I03_15_3.bmp,I03.BMP
195,4.7931,I03_15_4.bmp,I03.BMP
196,6.6,I03_16_1.bmp,I03.BMP
197,6.4333,I03_16_2.bmp,I03.BMP
198,6.4828,I03_16_3.bmp,I03.BMP
199,5.7586,I03_16_4.bmp,I03.BMP
200,7.2,I03_17_1.bmp,I03.BMP
201,5.5333,I03_17_2.bmp,I03.BMP
202,7.0667,I03_17_3.bmp,I03.BMP
203,4.5333,I03_17_4.bmp,I03.BMP
204,5.4286,I04_01_1.bmp,I04.BMP
205,4.9429,I04_01_2.bmp,I04.BMP
206,4.6176,I04_01_3.bmp,I04.BMP
207,4.1429,I04_01_4.bmp,I04.BMP
208,6.2857,I04_02_1.bmp,I04.BMP
209,5.6765,I04_02_2.bmp,I04.BMP
210,5.1471,I04_02_3.bmp,I04.BMP
211,4.6471,I04_02_4.bmp,I04.BMP
212,4.4412,I04_03_1.bmp,I04.BMP
213,3.9143,I04_03_2.bmp,I04.BMP
214,3.3529,I04_03_3.bmp,I04.BMP
215,3.1176,I04_03_4.bmp,I04.BMP
216,6.2,I04_04_1.bmp,I04.BMP
217,6.2424,I04_04_2.bmp,I04.BMP
218,5.6286,I04_04_3.bmp,I04.BMP
219,4.9714,I04_04_4.bmp,I04.BMP
220,6.1176,I04_05_1.bmp,I04.BMP
221,5.3235,I04_05_2.bmp,I04.BMP
222,4.5152,I04_05_3.bmp,I04.BMP
223,4.0588,I04_05_4.bmp,I04.BMP
224,4.7941,I04_06_1.bmp,I04.BMP
225,4.4118,I04_06_2.bmp,I04.BMP
226,4.0286,I04_06_3.bmp,I04.BMP
227,3.7647,I04_06_4.bmp,I04.BMP
228,4.0588,I04_07_1.bmp,I04.BMP
229,3.6765,I04_07_2.bmp,I04.BMP
230,3.1212,I04_07_3.bmp,I04.BMP
231,2.8235,I04_07_4.bmp,I04.BMP
232,6.2121,I04_08_1.bmp,I04.BMP
233,5.5714,I04_08_2.bmp,I04.BMP
234,4.9394,I04_08_3.bmp,I04.BMP
235,3.7059,I04_08_4.bmp,I04.BMP
236,6.1471,I04_09_1.bmp,I04.BMP
237,5.4286,I04_09_2.bmp,I04.BMP
238,4.0588,I04_09_3.bmp,I04.BMP
239,2.6286,I04_09_4.bmp,I04.BMP
240,6.1471,I04_10_1.bmp,I04.BMP
241,5.2857,I04_10_2.bmp,I04.BMP
242,3.1765,I04_10_3.bmp,I04.BMP
243,1.8235,I04_10_4.bmp,I04.BMP
244,3.8182,I04_11_1.bmp,I04.BMP
245,2.8286,I04_11_2.bmp,I04.BMP
246,1.7714,I04_11_3.bmp,I04.BMP
247,0.0606,I04_11_4.bmp,I04.BMP
248,4.8857,I04_12_1.bmp,I04.BMP
249,4.3429,I04_12_2.bmp,I04.BMP
250,3.0286,I04_12_3.bmp,I04.BMP
251,2.5882,I04_12_4.bmp,I04.BMP
252,3.8571,I04_13_1.bmp,I04.BMP
253,3.2857,I04_13_2.bmp,I04.BMP
254,3.7143,I04_13_3.bmp,I04.BMP
255,2.5152,I04_13_4.bmp,I04.BMP
256,6.2941,I04_14_1.bmp,I04.BMP
257,6.1143,I04_14_2.bmp,I04.BMP
258,4.5294,I04_14_3.bmp,I04.BMP
259,3.7647,I04_14_4.bmp,I04.BMP
260,2.4118,I04_15_1.bmp,I04.BMP
261,3.4706,I04_15_2.bmp,I04.BMP
262,4.0857,I04_15_3.bmp,I04.BMP
263,4.5714,I04_15_4.bmp,I04.BMP
264,6.3333,I04_16_1.bmp,I04.BMP
265,6.2571,I04_16_2.bmp,I04.BMP
266,5.6857,I04_16_3.bmp,I04.BMP
267,5.7714,I04_16_4.bmp,I04.BMP
268,7.2059,I04_17_1.bmp,I04.BMP
269,5.1765,I04_17_2.bmp,I04.BMP
270,7.7143,I04_17_3.bmp,I04.BMP
271,4.3235,I04_17_4.bmp,I04.BMP
272,5.8788,I05_01_1.bmp,I05.BMP
273,5.0323,I05_01_2.bmp,I05.BMP
274,4.5152,I05_01_3.bmp,I05.BMP
275,3.8387,I05_01_4.bmp,I05.BMP
276,5.5938,I05_02_1.bmp,I05.BMP
277,5.9697,I05_02_2.bmp,I05.BMP
278,5.2424,I05_02_3.bmp,I05.BMP
279,4.7742,I05_02_4.bmp,I05.BMP
280,4.6061,I05_03_1.bmp,I05.BMP
281,3.8182,I05_03_2.bmp,I05.BMP
282,3.5938,I05_03_3.bmp,I05.BMP
283,2.7813,I05_03_4.bmp,I05.BMP
284,6.0,I05_04_1.bmp,I05.BMP
285,5.625,I05_04_2.bmp,I05.BMP
286,5.4375,I05_04_3.bmp,I05.BMP
287,4.6875,I05_04_4.bmp,I05.BMP
288,6.0606,I05_05_1.bmp,I05.BMP
289,5.3636,I05_05_2.bmp,I05.BMP
290,4.3333,I05_05_3.bmp,I05.BMP
291,3.1563,I05_05_4.bmp,I05.BMP
292,4.3939,I05_06_1.bmp,I05.BMP
293,3.9394,I05_06_2.bmp,I05.BMP
294,3.5938,I05_06_3.bmp,I05.BMP
295,3.0323,I05_06_4.bmp,I05.BMP
296,5.5758,I05_07_1.bmp,I05.BMP
297,4.8182,I05_07_2.bmp,I05.BMP
298,3.7813,I05_07_3.bmp,I05.BMP
299,3.0909,I05_07_4.bmp,I05.BMP
300,4.875,I05_08_1.bmp,I05.BMP
301,3.8485,I05_08_2.bmp,I05.BMP
302,3.1212,I05_08_3.bmp,I05.BMP
303,1.1515,I05_08_4.bmp,I05.BMP
304,6.3125,I05_09_1.bmp,I05.BMP
305,5.4242,I05_09_2.bmp,I05.BMP
306,3.4688,I05_09_3.bmp,I05.BMP
307,1.6667,I05_09_4.bmp,I05.BMP
308,5.5625,I05_10_1.bmp,I05.BMP
309,4.6667,I05_10_2.bmp,I05.BMP
310,3.625,I05_10_3.bmp,I05.BMP
311,1.8182,I05_10_4.bmp,I05.BMP
312,5.697,I05_11_1.bmp,I05.BMP
313,5.0323,I05_11_2.bmp,I05.BMP
314,3.871,I05_11_3.bmp,I05.BMP
315,2.5152,I05_11_4.bmp,I05.BMP
316,6.2121,I05_12_1.bmp,I05.BMP
317,5.375,I05_12_2.bmp,I05.BMP
318,4.1875,I05_12_3.bmp,I05.BMP
319,2.5938,I05_12_4.bmp,I05.BMP
320,5.7188,I05_13_1.bmp,I05.BMP
321,3.9394,I05_13_2.bmp,I05.BMP
322,3.5938,I05_13_3.bmp,I05.BMP
323,2.3438,I05_13_4.bmp,I05.BMP
324,6.1818,I05_14_1.bmp,I05.BMP
325,6.3438,I05_14_2.bmp,I05.BMP
326,5.5455,I05_14_3.bmp,I05.BMP
327,4.6364,I05_14_4.bmp,I05.BMP
328,2.25,I05_15_1.bmp,I05.BMP
329,3.1212,I05_15_2.bmp,I05.BMP
330,3.4242,I05_15_3.bmp,I05.BMP
331,4.0,I05_15_4.bmp,I05.BMP
332,5.7188,I05_16_1.bmp,I05.BMP
333,5.9063,I05_16_2.bmp,I05.BMP
334,5.0,I05_16_3.bmp,I05.BMP
335,5.0938,I05_16_4.bmp,I05.BMP
336,7.0313,I05_17_1.bmp,I05.BMP
337,4.6667,I05_17_2.bmp,I05.BMP
338,6.9394,I05_17_3.bmp,I05.BMP
339,3.4848,I05_17_4.bmp,I05.BMP
340,5.75,I06_01_1.bmp,I06.BMP
341,5.3333,I06_01_2.bmp,I06.BMP
342,4.7838,I06_01_3.bmp,I06.BMP
343,4.1351,I06_01_4.bmp,I06.BMP
344,6.6,I06_02_1.bmp,I06.BMP
345,6.1111,I06_02_2.bmp,I06.BMP
346,5.4167,I06_02_3.bmp,I06.BMP
347,4.9714,I06_02_4.bmp,I06.BMP
348,4.5405,I06_03_1.bmp,I06.BMP
349,3.973,I06_03_2.bmp,I06.BMP
350,3.3889,I06_03_3.bmp,I06.BMP
351,2.7838,I06_03_4.bmp,I06.BMP
352,6.3243,I06_04_1.bmp,I06.BMP
353,5.7143,I06_04_2.bmp,I06.BMP
354,5.3611,I06_04_3.bmp,I06.BMP
355,4.7647,I06_04_4.bmp,I06.BMP
356,6.0811,I06_05_1.bmp,I06.BMP
357,5.4324,I06_05_2.bmp,I06.BMP
358,4.7027,I06_05_3.bmp,I06.BMP
359,3.4857,I06_05_4.bmp,I06.BMP
360,4.8649,I06_06_1.bmp,I06.BMP
361,4.4865,I06_06_2.bmp,I06.BMP
362,4.1389,I06_06_3.bmp,I06.BMP
363,3.5556,I06_06_4.bmp,I06.BMP
364,5.1944,I06_07_1.bmp,I06.BMP
365,4.6944,I06_07_2.bmp,I06.BMP
366,3.2286,I06_07_3.bmp,I06.BMP
367,3.0833,I06_07_4.bmp,I06.BMP
368,4.8889,I06_08_1.bmp,I06.BMP
369,4.1389,I06_08_2.bmp,I06.BMP
370,3.1944,I06_08_3.bmp,I06.BMP
371,2.1622,I06_08_4.bmp,I06.BMP
372,6.3333,I06_09_1.bmp,I06.BMP
373,5.1111,I06_09_2.bmp,I06.BMP
374,3.3243,I06_09_3.bmp,I06.BMP
375,1.4571,I06_09_4.bmp,I06.BMP
376,6.1081,I06_10_1.bmp,I06.BMP
377,5.2703,I06_10_2.bmp,I06.BMP
378,3.3333,I06_10_3.bmp,I06.BMP
379,1.5135,I06_10_4.bmp,I06.BMP
380,5.7838,I06_11_1.bmp,I06.BMP
381,5.1111,I06_11_2.bmp,I06.BMP
382,3.1111,I06_11_3.bmp,I06.BMP
383,0.1429,I06_11_4.bmp,I06.BMP
384,4.5556,I06_12_1.bmp,I06.BMP
385,4.1389,I06_12_2.bmp,I06.BMP
386,3.6667,I06_12_3.bmp,I06.BMP
387,4.1622,I06_12_4.bmp,I06.BMP
388,5.1892,I06_13_1.bmp,I06.BMP
389,4.4444,I06_13_2.bmp,I06.BMP
390,3.4444,I06_13_3.bmp,I06.BMP
391,2.6389,I06_13_4.bmp,I06.BMP
392,6.3784,I06_14_1.bmp,I06.BMP
393,5.1351,I06_14_2.bmp,I06.BMP
394,4.5,I06_14_3.bmp,I06.BMP
395,4.25,I06_14_4.bmp,I06.BMP
396,2.5556,I06_15_1.bmp,I06.BMP
397,3.25,I06_15_2.bmp,I06.BMP
398,4.0278,I06_15_3.bmp,I06.BMP
399,4.4324,I06_15_4.bmp,I06.BMP
400,6.8333,I06_16_1.bmp,I06.BMP
401,5.6111,I06_16_2.bmp,I06.BMP
402,5.8108,I06_16_3.bmp,I06.BMP
403,4.9459,I06_16_4.bmp,I06.BMP
404,6.5405,I06_17_1.bmp,I06.BMP
405,4.6111,I06_17_2.bmp,I06.BMP
406,6.0,I06_17_3.bmp,I06.BMP
407,3.7143,I06_17_4.bmp,I06.BMP
408,5.5455,I07_01_1.bmp,I07.BMP
409,4.9091,I07_01_2.bmp,I07.BMP
410,4.8182,I07_01_3.bmp,I07.BMP
411,4.0,I07_01_4.bmp,I07.BMP
412,6.0909,I07_02_1.bmp,I07.BMP
413,6.0,I07_02_2.bmp,I07.BMP
414,5.3333,I07_02_3.bmp,I07.BMP
415,5.0588,I07_02_4.bmp,I07.BMP
416,4.6563,I07_03_1.bmp,I07.BMP
417,4.0882,I07_03_2.bmp,I07.BMP
418,3.3824,I07_03_3.bmp,I07.BMP
419,2.8235,I07_03_4.bmp,I07.BMP
420,6.2727,I07_04_1.bmp,I07.BMP
421,5.7273,I07_04_2.bmp,I07.BMP
422,5.4516,I07_04_3.bmp,I07.BMP
423,4.5,I07_04_4.bmp,I07.BMP
424,6.4516,I07_05_1.bmp,I07.BMP
425,5.7879,I07_05_2.bmp,I07.BMP
426,4.8125,I07_05_3.bmp,I07.BMP
427,3.7353,I07_05_4.bmp,I07.BMP
428,4.8788,I07_06_1.bmp,I07.BMP
429,4.8182,I07_06_2.bmp,I07.BMP
430,4.1515,I07_06_3.bmp,I07.BMP
431,3.7353,I07_06_4.bmp,I07.BMP
432,5.3636,I07_07_1.bmp,I07.BMP
433,4.2059,I07_07_2.bmp,I07.BMP
434,3.6667,I07_07_3.bmp,I07.BMP
435,2.7353,I07_07_4.bmp,I07.BMP
436,5.7576,I07_08_1.bmp,I07.BMP
437,4.6765,I07_08_2.bmp,I07.BMP
438,3.6471,I07_08_3.bmp,I07.BMP
439,2.6667,I07_08_4.bmp,I07.BMP
440,6.2353,I07_09_1.bmp,I07.BMP
441,5.5,I07_09_2.bmp,I07.BMP
442,3.9688,I07_09_3.bmp,I07.BMP
443,2.4118,I07_09_4.bmp,I07.BMP
444,6.1765,I07_10_1.bmp,I07.BMP
445,5.0,I07_10_2.bmp,I07.BMP
446,3.6471,I07_10_3.bmp,I07.BMP
447,2.2424,I07_10_4.bmp,I07.BMP
448,4.8235,I07_11_1.bmp,I07.BMP
449,3.5938,I07_11_2.bmp,I07.BMP
450,2.0,I07_11_3.bmp,I07.BMP
451,0.3125,I07_11_4.bmp,I07.BMP
452,4.4848,I07_12_1.bmp,I07.BMP
453,3.7353,I07_12_2.bmp,I07.BMP
454,2.8824,I07_12_3.bmp,I07.BMP
455,2.3235,I07_12_4.bmp,I07.BMP
456,4.2059,I07_13_1.bmp,I07.BMP
457,3.697,I07_13_2.bmp,I07.BMP
458,2.6667,I07_13_3.bmp,I07.BMP
459,2.5,I07_13_4.bmp,I07.BMP
460,6.3636,I07_14_1.bmp,I07.BMP
461,5.9412,I07_14_2.bmp,I07.BMP
462,5.3636,I07_14_3.bmp,I07.BMP
463,4.1212,I07_14_4.bmp,I07.BMP
464,3.2188,I07_15_1.bmp,I07.BMP
465,3.4848,I07_15_2.bmp,I07.BMP
466,3.6875,I07_15_3.bmp,I07.BMP
467,4.2121,I07_15_4.bmp,I07.BMP
468,6.6061,I07_16_1.bmp,I07.BMP
469,6.3636,I07_16_2.bmp,I07.BMP
470,5.697,I07_16_3.bmp,I07.BMP
471,5.3939,I07_16_4.bmp,I07.BMP
472,6.75,I07_17_1.bmp,I07.BMP
473,5.0303,I07_17_2.bmp,I07.BMP
474,6.5882,I07_17_3.bmp,I07.BMP
475,4.0303,I07_17_4.bmp,I07.BMP
476,5.6875,I08_01_1.bmp,I08.BMP
477,5.0,I08_01_2.bmp,I08.BMP
478,4.3226,I08_01_3.bmp,I08.BMP
479,4.1613,I08_01_4.bmp,I08.BMP
480,6.2188,I08_02_1.bmp,I08.BMP
481,5.7333,I08_02_2.bmp,I08.BMP
482,5.4667,I08_02_3.bmp,I08.BMP
483,5.2,I08_02_4.bmp,I08.BMP
484,4.8125,I08_03_1.bmp,I08.BMP
485,4.0323,I08_03_2.bmp,I08.BMP
486,3.4375,I08_03_3.bmp,I08.BMP
487,2.8387,I08_03_4.bmp,I08.BMP
488,5.875,I08_04_1.bmp,I08.BMP
489,6.0323,I08_04_2.bmp,I08.BMP
490,5.5,I08_04_3.bmp,I08.BMP
491,5.1613,I08_04_4.bmp,I08.BMP
492,5.9063,I08_05_1.bmp,I08.BMP
493,5.7742,I08_05_2.bmp,I08.BMP
494,4.5806,I08_05_3.bmp,I08.BMP
495,3.6129,I08_05_4.bmp,I08.BMP
496,4.4839,I08_06_1.bmp,I08.BMP
497,4.3125,I08_06_2.bmp,I08.BMP
498,3.875,I08_06_3.bmp,I08.BMP
499,3.4194,I08_06_4.bmp,I08.BMP
500,5.1563,I08_07_1.bmp,I08.BMP
501,4.5313,I08_07_2.bmp,I08.BMP
502,3.5484,I08_07_3.bmp,I08.BMP
503,2.5484,I08_07_4.bmp,I08.BMP
504,5.129,I08_08_1.bmp,I08.BMP
505,3.9355,I08_08_2.bmp,I08.BMP
506,3.0645,I08_08_3.bmp,I08.BMP
507,1.9063,I08_08_4.bmp,I08.BMP
508,6.0625,I08_09_1.bmp,I08.BMP
509,5.2667,I08_09_2.bmp,I08.BMP
510,4.0,I08_09_3.bmp,I08.BMP
511,1.9688,I08_09_4.bmp,I08.BMP
512,6.0625,I08_10_1.bmp,I08.BMP
513,5.0,I08_10_2.bmp,I08.BMP
514,3.3226,I08_10_3.bmp,I08.BMP
515,1.0938,I08_10_4.bmp,I08.BMP
516,5.4194,I08_11_1.bmp,I08.BMP
517,4.9677,I08_11_2.bmp,I08.BMP
518,4.3226,I08_11_3.bmp,I08.BMP
519,2.4194,I08_11_4.bmp,I08.BMP
520,5.9032,I08_12_1.bmp,I08.BMP
521,5.5667,I08_12_2.bmp,I08.BMP
522,4.4688,I08_12_3.bmp,I08.BMP
523,3.7097,I08_12_4.bmp,I08.BMP
524,3.625,I08_13_1.bmp,I08.BMP
525,4.5806,I08_13_2.bmp,I08.BMP
526,3.3125,I08_13_3.bmp,I08.BMP
527,2.4516,I08_13_4.bmp,I08.BMP
528,6.0968,I08_14_1.bmp,I08.BMP
529,5.5806,I08_14_2.bmp,I08.BMP
530,4.75,I08_14_3.bmp,I08.BMP
531,3.5313,I08_14_4.bmp,I08.BMP
532,2.4516,I08_15_1.bmp,I08.BMP
533,3.25,I08_15_2.bmp,I08.BMP
534,4.0,I08_15_3.bmp,I08.BMP
535,3.8438,I08_15_4.bmp,I08.BMP
536,6.2258,I08_16_1.bmp,I08.BMP
537,5.7813,I08_16_2.bmp,I08.BMP
538,5.7188,I08_16_3.bmp,I08.BMP
539,5.0,I08_16_4.bmp,I08.BMP
540,5.8065,I08_17_1.bmp,I08.BMP
541,4.9063,I08_17_2.bmp,I08.BMP
542,5.3125,I08_17_3.bmp,I08.BMP
543,3.871,I08_17_4.bmp,I08.BMP
544,5.2424,I09_01_1.bmp,I09.BMP
545,5.0882,I09_01_2.bmp,I09.BMP
546,4.8125,I09_01_3.bmp,I09.BMP
547,4.1818,I09_01_4.bmp,I09.BMP
548,6.2059,I09_02_1.bmp,I09.BMP
549,5.8182,I09_02_2.bmp,I09.BMP
550,5.4706,I09_02_3.bmp,I09.BMP
551,4.8235,I09_02_4.bmp,I09.BMP
552,4.4412,I09_03_1.bmp,I09.BMP
553,4.1765,I09_03_2.bmp,I09.BMP
554,3.6176,I09_03_3.bmp,I09.BMP
555,3.303,I09_03_4.bmp,I09.BMP
556,5.9706,I09_04_1.bmp,I09.BMP
557,5.4412,I09_04_2.bmp,I09.BMP
558,5.0303,I09_04_3.bmp,I09.BMP
559,4.4412,I09_04_4.bmp,I09.BMP
560,6.2727,I09_05_1.bmp,I09.BMP
561,5.3235,I09_05_2.bmp,I09.BMP
562,4.6176,I09_05_3.bmp,I09.BMP
563,3.7647,I09_05_4.bmp,I09.BMP
564,4.9412,I09_06_1.bmp,I09.BMP
565,4.6765,I09_06_2.bmp,I09.BMP
566,4.1176,I09_06_3.bmp,I09.BMP
567,3.7353,I09_06_4.bmp,I09.BMP
568,4.9394,I09_07_1.bmp,I09.BMP
569,4.5294,I09_07_2.bmp,I09.BMP
570,4.0,I09_07_3.bmp,I09.BMP
571,3.0313,I09_07_4.bmp,I09.BMP
572,5.5455,I09_08_1.bmp,I09.BMP
573,4.6364,I09_08_2.bmp,I09.BMP
574,3.6061,I09_08_3.bmp,I09.BMP
575,2.1471,I09_08_4.bmp,I09.BMP
576,6.3333,I09_09_1.bmp,I09.BMP
577,5.375,I09_09_2.bmp,I09.BMP
578,3.8235,I09_09_3.bmp,I09.BMP
579,2.3824,I09_09_4.bmp,I09.BMP
580,5.9375,I09_10_1.bmp,I09.BMP
581,5.1471,I09_10_2.bmp,I09.BMP
582,3.3235,I09_10_3.bmp,I09.BMP
583,2.0294,I09_10_4.bmp,I09.BMP
584,5.0882,I09_11_1.bmp,I09.BMP
585,3.7059,I09_11_2.bmp,I09.BMP
586,2.1818,I09_11_3.bmp,I09.BMP
587,0.0,I09_11_4.bmp,I09.BMP
588,6.4545,I09_12_1.bmp,I09.BMP
589,4.5588,I09_12_2.bmp,I09.BMP
590,2.6471,I09_12_3.bmp,I09.BMP
591,2.3333,I09_12_4.bmp,I09.BMP
592,4.0909,I09_13_1.bmp,I09.BMP
593,3.5938,I09_13_2.bmp,I09.BMP
594,3.0588,I09_13_3.bmp,I09.BMP
595,3.2059,I09_13_4.bmp,I09.BMP
596,6.2647,I09_14_1.bmp,I09.BMP
597,6.5,I09_14_2.bmp,I09.BMP
598,4.7059,I09_14_3.bmp,I09.BMP
599,3.4688,I09_14_4.bmp,I09.BMP
600,2.3529,I09_15_1.bmp,I09.BMP
601,3.2353,I09_15_2.bmp,I09.BMP
602,3.6176,I09_15_3.bmp,I09.BMP
603,4.6667,I09_15_4.bmp,I09.BMP
604,6.5882,I09_16_1.bmp,I09.BMP
605,6.0588,I09_16_2.bmp,I09.BMP
606,6.2647,I09_16_3.bmp,I09.BMP
607,5.4118,I09_16_4.bmp,I09.BMP
608,6.8788,I09_17_1.bmp,I09.BMP
609,5.3824,I09_17_2.bmp,I09.BMP
610,7.0294,I09_17_3.bmp,I09.BMP
611,4.0606,I09_17_4.bmp,I09.BMP
612,5.7,I10_01_1.bmp,I10.BMP
613,5.0968,I10_01_2.bmp,I10.BMP
614,4.8333,I10_01_3.bmp,I10.BMP
615,4.0645,I10_01_4.bmp,I10.BMP
616,6.3333,I10_02_1.bmp,I10.BMP
617,5.9667,I10_02_2.bmp,I10.BMP
618,5.3333,I10_02_3.bmp,I10.BMP
619,4.9333,I10_02_4.bmp,I10.BMP
620,4.5,I10_03_1.bmp,I10.BMP
621,4.1034,I10_03_2.bmp,I10.BMP
622,3.6452,I10_03_3.bmp,I10.BMP
623,3.129,I10_03_4.bmp,I10.BMP
624,5.7742,I10_04_1.bmp,I10.BMP
625,5.8065,I10_04_2.bmp,I10.BMP
626,5.1613,I10_04_3.bmp,I10.BMP
627,4.8966,I10_04_4.bmp,I10.BMP
628,6.2903,I10_05_1.bmp,I10.BMP
629,5.5806,I10_05_2.bmp,I10.BMP
630,4.7667,I10_05_3.bmp,I10.BMP
631,3.8,I10_05_4.bmp,I10.BMP
632,5.3,I10_06_1.bmp,I10.BMP
633,4.7742,I10_06_2.bmp,I10.BMP
634,4.4667,I10_06_3.bmp,I10.BMP
635,3.8333,I10_06_4.bmp,I10.BMP
636,4.6552,I10_07_1.bmp,I10.BMP
637,4.0,I10_07_2.bmp,I10.BMP
638,3.6207,I10_07_3.bmp,I10.BMP
639,3.2,I10_07_4.bmp,I10.BMP
640,5.3,I10_08_1.bmp,I10.BMP
641,4.4483,I10_08_2.bmp,I10.BMP
642,3.5161,I10_08_3.bmp,I10.BMP
643,2.5161,I10_08_4.bmp,I10.BMP
644,6.1935,I10_09_1.bmp,I10.BMP
645,5.0333,I10_09_2.bmp,I10.BMP
646,3.5484,I10_09_3.bmp,I10.BMP
647,2.1613,I10_09_4.bmp,I10.BMP
648,6.1034,I10_10_1.bmp,I10.BMP
649,5.2414,I10_10_2.bmp,I10.BMP
650,3.1613,I10_10_3.bmp,I10.BMP
651,2.1935,I10_10_4.bmp,I10.BMP
652,4.8065,I10_11_1.bmp,I10.BMP
653,3.3,I10_11_2.bmp,I10.BMP
654,1.6,I10_11_3.bmp,I10.BMP
655,0.069,I10_11_4.bmp,I10.BMP
656,5.7,I10_12_1.bmp,I10.BMP
657,5.0,I10_12_2.bmp,I10.BMP
658,4.1667,I10_12_3.bmp,I10.BMP
659,2.6333,I10_12_4.bmp,I10.BMP
660,4.2903,I10_13_1.bmp,I10.BMP
661,3.6129,I10_13_2.bmp,I10.BMP
662,2.9667,I10_13_3.bmp,I10.BMP
663,3.0333,I10_13_4.bmp,I10.BMP
664,6.1,I10_14_1.bmp,I10.BMP
665,5.4667,I10_14_2.bmp,I10.BMP
666,4.1724,I10_14_3.bmp,I10.BMP
667,3.9667,I10_14_4.bmp,I10.BMP
668,2.7241,I10_15_1.bmp,I10.BMP
669,3.2667,I10_15_2.bmp,I10.BMP
670,3.5484,I10_15_3.bmp,I10.BMP
671,3.9677,I10_15_4.bmp,I10.BMP
672,6.5161,I10_16_1.bmp,I10.BMP
673,6.1,I10_16_2.bmp,I10.BMP
674,5.871,I10_16_3.bmp,I10.BMP
675,5.3333,I10_16_4.bmp,I10.BMP
676,6.9032,I10_17_1.bmp,I10.BMP
677,5.2,I10_17_2.bmp,I10.BMP
678,6.4194,I10_17_3.bmp,I10.BMP
679,4.2414,I10_17_4.bmp,I10.BMP
680,6.0313,I11_01_1.bmp,I11.BMP
681,5.2727,I11_01_2.bmp,I11.BMP
682,4.5484,I11_01_3.bmp,I11.BMP
683,4.0303,I11_01_4.bmp,I11.BMP
684,6.1875,I11_02_1.bmp,I11.BMP
685,5.8438,I11_02_2.bmp,I11.BMP
686,5.3939,I11_02_3.bmp,I11.BMP
687,5.1563,I11_02_4.bmp,I11.BMP
688,4.7576,I11_03_1.bmp,I11.BMP
689,4.0625,I11_03_2.bmp,I11.BMP
690,3.3438,I11_03_3.bmp,I11.BMP
691,2.9394,I11_03_4.bmp,I11.BMP
692,6.4242,I11_04_1.bmp,I11.BMP
693,6.1212,I11_04_2.bmp,I11.BMP
694,5.5758,I11_04_3.bmp,I11.BMP
695,4.8788,I11_04_4.bmp,I11.BMP
696,6.2121,I11_05_1.bmp,I11.BMP
697,5.5484,I11_05_2.bmp,I11.BMP
698,4.6061,I11_05_3.bmp,I11.BMP
699,3.5455,I11_05_4.bmp,I11.BMP
700,4.75,I11_06_1.bmp,I11.BMP
701,4.3548,I11_06_2.bmp,I11.BMP
702,3.9697,I11_06_3.bmp,I11.BMP
703,3.3438,I11_06_4.bmp,I11.BMP
704,5.2581,I11_07_1.bmp,I11.BMP
705,4.75,I11_07_2.bmp,I11.BMP
706,3.7419,I11_07_3.bmp,I11.BMP
707,2.8182,I11_07_4.bmp,I11.BMP
708,4.75,I11_08_1.bmp,I11.BMP
709,4.2727,I11_08_2.bmp,I11.BMP
710,3.3636,I11_08_3.bmp,I11.BMP
711,2.2121,I11_08_4.bmp,I11.BMP
712,5.5758,I11_09_1.bmp,I11.BMP
713,4.697,I11_09_2.bmp,I11.BMP
714,3.3226,I11_09_3.bmp,I11.BMP
715,1.8485,I11_09_4.bmp,I11.BMP
716,6.2424,I11_10_1.bmp,I11.BMP
717,5.6563,I11_10_2.bmp,I11.BMP
718,3.6875,I11_10_3.bmp,I11.BMP
719,1.9063,I11_10_4.bmp,I11.BMP
720,5.5313,I11_11_1.bmp,I11.BMP
721,4.6563,I11_11_2.bmp,I11.BMP
722,2.7879,I11_11_3.bmp,I11.BMP
723,0.0938,I11_11_4.bmp,I11.BMP
724,5.8125,I11_12_1.bmp,I11.BMP
725,4.5625,I11_12_2.bmp,I11.BMP
726,3.9697,I11_12_3.bmp,I11.BMP
727,2.0909,I11_12_4.bmp,I11.BMP
728,4.3939,I11_13_1.bmp,I11.BMP
729,3.625,I11_13_2.bmp,I11.BMP
730,3.0,I11_13_3.bmp,I11.BMP
731,2.5484,I11_13_4.bmp,I11.BMP
732,6.3333,I11_14_1.bmp,I11.BMP
733,5.697,I11_14_2.bmp,I11.BMP
734,4.9,I11_14_3.bmp,I11.BMP
735,4.1212,I11_14_4.bmp,I11.BMP
736,2.8125,I11_15_1.bmp,I11.BMP
737,3.6875,I11_15_2.bmp,I11.BMP
738,4.2727,I11_15_3.bmp,I11.BMP
739,4.2258,I11_15_4.bmp,I11.BMP
740,6.1818,I11_16_1.bmp,I11.BMP
741,5.7879,I11_16_2.bmp,I11.BMP
742,5.1563,I11_16_3.bmp,I11.BMP
743,4.9394,I11_16_4.bmp,I11.BMP
744,6.8788,I11_17_1.bmp,I11.BMP
745,4.6667,I11_17_2.bmp,I11.BMP
746,7.1563,I11_17_3.bmp,I11.BMP
747,3.8485,I11_17_4.bmp,I11.BMP
748,5.8182,I12_01_1.bmp,I12.BMP
749,5.2353,I12_01_2.bmp,I12.BMP
750,4.6176,I12_01_3.bmp,I12.BMP
751,4.1176,I12_01_4.bmp,I12.BMP
752,6.1818,I12_02_1.bmp,I12.BMP
753,5.8788,I12_02_2.bmp,I12.BMP
754,5.3824,I12_02_3.bmp,I12.BMP
755,5.1563,I12_02_4.bmp,I12.BMP
756,4.5758,I12_03_1.bmp,I12.BMP
757,3.9412,I12_03_2.bmp,I12.BMP
758,3.4118,I12_03_3.bmp,I12.BMP
759,3.0,I12_03_4.bmp,I12.BMP
760,5.9091,I12_04_1.bmp,I12.BMP
761,5.5294,I12_04_2.bmp,I12.BMP
762,4.9394,I12_04_3.bmp,I12.BMP
763,4.0313,I12_04_4.bmp,I12.BMP
764,6.3333,I12_05_1.bmp,I12.BMP
765,5.3939,I12_05_2.bmp,I12.BMP
766,4.6471,I12_05_3.bmp,I12.BMP
767,3.8485,I12_05_4.bmp,I12.BMP
768,5.3235,I12_06_1.bmp,I12.BMP
769,5.0303,I12_06_2.bmp,I12.BMP
770,4.5758,I12_06_3.bmp,I12.BMP
771,3.9394,I12_06_4.bmp,I12.BMP
772,4.6667,I12_07_1.bmp,I12.BMP
773,3.9688,I12_07_2.bmp,I12.BMP
774,3.1471,I12_07_3.bmp,I12.BMP
775,3.2647,I12_07_4.bmp,I12.BMP
776,5.6364,I12_08_1.bmp,I12.BMP
777,4.6471,I12_08_2.bmp,I12.BMP
778,3.6176,I12_08_3.bmp,I12.BMP
779,2.6471,I12_08_4.bmp,I12.BMP
780,5.6364,I12_09_1.bmp,I12.BMP
781,4.9706,I12_09_2.bmp,I12.BMP
782,3.2121,I12_09_3.bmp,I12.BMP
783,2.2647,I12_09_4.bmp,I12.BMP
784,6.0606,I12_10_1.bmp,I12.BMP
785,5.2353,I12_10_2.bmp,I12.BMP
786,2.9697,I12_10_3.bmp,I12.BMP
787,1.8485,I12_10_4.bmp,I12.BMP
788,4.8125,I12_11_1.bmp,I12.BMP
789,2.7813,I12_11_2.bmp,I12.BMP
790,1.2727,I12_11_3.bmp,I12.BMP
791,0.0909,I12_11_4.bmp,I12.BMP
792,5.3824,I12_12_1.bmp,I12.BMP
793,3.5588,I12_12_2.bmp,I12.BMP
794,3.1471,I12_12_3.bmp,I12.BMP
795,3.2059,I12_12_4.bmp,I12.BMP
796,4.8788,I12_13_1.bmp,I12.BMP
797,3.6061,I12_13_2.bmp,I12.BMP
798,2.9091,I12_13_3.bmp,I12.BMP
799,4.4706,I12_13_4.bmp,I12.BMP
800,6.5294,I12_14_1.bmp,I12.BMP
801,4.5758,I12_14_2.bmp,I12.BMP
802,4.4242,I12_14_3.bmp,I12.BMP
803,3.6364,I12_14_4.bmp,I12.BMP
804,3.0625,I12_15_1.bmp,I12.BMP
805,3.7059,I12_15_2.bmp,I12.BMP
806,4.2353,I12_15_3.bmp,I12.BMP
807,4.4242,I12_15_4.bmp,I12.BMP
808,6.697,I12_16_1.bmp,I12.BMP
809,6.5758,I12_16_2.bmp,I12.BMP
810,6.4706,I12_16_3.bmp,I12.BMP
811,5.7941,I12_16_4.bmp,I12.BMP
812,6.9706,I12_17_1.bmp,I12.BMP
813,5.697,I12_17_2.bmp,I12.BMP
814,6.7941,I12_17_3.bmp,I12.BMP
815,4.4848,I12_17_4.bmp,I12.BMP
816,5.9394,I13_01_1.bmp,I13.BMP
817,5.5152,I13_01_2.bmp,I13.BMP
818,5.1515,I13_01_3.bmp,I13.BMP
819,4.2727,I13_01_4.bmp,I13.BMP
820,5.5758,I13_02_1.bmp,I13.BMP
821,6.0,I13_02_2.bmp,I13.BMP
822,5.7273,I13_02_3.bmp,I13.BMP
823,5.0625,I13_02_4.bmp,I13.BMP
824,5.1212,I13_03_1.bmp,I13.BMP
825,4.6061,I13_03_2.bmp,I13.BMP
826,3.8235,I13_03_3.bmp,I13.BMP
827,3.0909,I13_03_4.bmp,I13.BMP
828,5.9706,I13_04_1.bmp,I13.BMP
829,5.7576,I13_04_2.bmp,I13.BMP
830,5.4848,I13_04_3.bmp,I13.BMP
831,5.0938,I13_04_4.bmp,I13.BMP
832,5.7647,I13_05_1.bmp,I13.BMP
833,5.2941,I13_05_2.bmp,I13.BMP
834,4.6061,I13_05_3.bmp,I13.BMP
835,3.5455,I13_05_4.bmp,I13.BMP
836,4.4118,I13_06_1.bmp,I13.BMP
837,4.1176,I13_06_2.bmp,I13.BMP
838,3.7419,I13_06_3.bmp,I13.BMP
839,3.2188,I13_06_4.bmp,I13.BMP
840,5.4706,I13_07_1.bmp,I13.BMP
841,4.8485,I13_07_2.bmp,I13.BMP
842,3.3125,I13_07_3.bmp,I13.BMP
843,2.6765,I13_07_4.bmp,I13.BMP
844,4.0909,I13_08_1.bmp,I13.BMP
845,3.5152,I13_08_2.bmp,I13.BMP
846,2.9091,I13_08_3.bmp,I13.BMP
847,2.1563,I13_08_4.bmp,I13.BMP
848,4.6129,I13_09_1.bmp,I13.BMP
849,3.6061,I13_09_2.bmp,I13.BMP
850,2.3939,I13_09_3.bmp,I13.BMP
851,0.6765,I13_09_4.bmp,I13.BMP
852,5.8824,I13_10_1.bmp,I13.BMP
853,5.2424,I13_10_2.bmp,I13.BMP
854,2.9118,I13_10_3.bmp,I13.BMP
855,0.8788,I13_10_4.bmp,I13.BMP
856,5.8182,I13_11_1.bmp,I13.BMP
857,5.0909,I13_11_2.bmp,I13.BMP
858,4.3333,I13_11_3.bmp,I13.BMP
859,2.3939,I13_11_4.bmp,I13.BMP
860,5.9412,I13_12_1.bmp,I13.BMP
861,4.9412,I13_12_2.bmp,I13.BMP
862,5.4706,I13_12_3.bmp,I13.BMP
863,5.2059,I13_12_4.bmp,I13.BMP
864,4.6471,I13_13_1.bmp,I13.BMP
865,5.0588,I13_13_2.bmp,I13.BMP
866,3.8485,I13_13_3.bmp,I13.BMP
867,2.6471,I13_13_4.bmp,I13.BMP
868,6.0909,I13_14_1.bmp,I13.BMP
869,5.5455,I13_14_2.bmp,I13.BMP
870,5.3235,I13_14_3.bmp,I13.BMP
871,4.0,I13_14_4.bmp,I13.BMP
872,2.6563,I13_15_1.bmp,I13.BMP
873,2.8788,I13_15_2.bmp,I13.BMP
874,3.6176,I13_15_3.bmp,I13.BMP
875,3.8485,I13_15_4.bmp,I13.BMP
876,5.9394,I13_16_1.bmp,I13.BMP
877,6.0,I13_16_2.bmp,I13.BMP
878,4.6364,I13_16_3.bmp,I13.BMP
879,4.9394,I13_16_4.bmp,I13.BMP
880,6.7879,I13_17_1.bmp,I13.BMP
881,4.5588,I13_17_2.bmp,I13.BMP
882,6.1765,I13_17_3.bmp,I13.BMP
883,3.3939,I13_17_4.bmp,I13.BMP
884,6.1818,I14_01_1.bmp,I14.BMP
885,4.9688,I14_01_2.bmp,I14.BMP
886,4.9118,I14_01_3.bmp,I14.BMP
887,4.1515,I14_01_4.bmp,I14.BMP
888,6.2813,I14_02_1.bmp,I14.BMP
889,5.8235,I14_02_2.bmp,I14.BMP
890,5.7647,I14_02_3.bmp,I14.BMP
891,5.2647,I14_02_4.bmp,I14.BMP
892,4.9412,I14_03_1.bmp,I14.BMP
893,4.1471,I14_03_2.bmp,I14.BMP
894,3.8529,I14_03_3.bmp,I14.BMP
895,3.1471,I14_03_4.bmp,I14.BMP
896,6.1515,I14_04_1.bmp,I14.BMP
897,5.8235,I14_04_2.bmp,I14.BMP
898,5.303,I14_04_3.bmp,I14.BMP
899,4.4848,I14_04_4.bmp,I14.BMP
900,5.8529,I14_05_1.bmp,I14.BMP
901,5.3529,I14_05_2.bmp,I14.BMP
902,4.5588,I14_05_3.bmp,I14.BMP
903,3.5313,I14_05_4.bmp,I14.BMP
904,4.9375,I14_06_1.bmp,I14.BMP
905,4.4848,I14_06_2.bmp,I14.BMP
906,4.0909,I14_06_3.bmp,I14.BMP
907,3.697,I14_06_4.bmp,I14.BMP
908,5.4545,I14_07_1.bmp,I14.BMP
909,4.697,I14_07_2.bmp,I14.BMP
910,3.7879,I14_07_3.bmp,I14.BMP
911,3.0294,I14_07_4.bmp,I14.BMP
912,4.9412,I14_08_1.bmp,I14.BMP
913,3.7647,I14_08_2.bmp,I14.BMP
914,2.7647,I14_08_3.bmp,I14.BMP
915,1.9063,I14_08_4.bmp,I14.BMP
916,6.2941,I14_09_1.bmp,I14.BMP
917,5.0,I14_09_2.bmp,I14.BMP
918,3.0882,I14_09_3.bmp,I14.BMP
919,1.5294,I14_09_4.bmp,I14.BMP
920,5.6667,I14_10_1.bmp,I14.BMP
921,5.0606,I14_10_2.bmp,I14.BMP
922,3.25,I14_10_3.bmp,I14.BMP
923,1.6471,I14_10_4.bmp,I14.BMP
924,5.5758,I14_11_1.bmp,I14.BMP
925,4.5152,I14_11_2.bmp,I14.BMP
926,3.0588,I14_11_3.bmp,I14.BMP
927,0.9394,I14_11_4.bmp,I14.BMP
928,6.0882,I14_12_1.bmp,I14.BMP
929,4.4412,I14_12_2.bmp,I14.BMP
930,4.0,I14_12_3.bmp,I14.BMP
931,3.2121,I14_12_4.bmp,I14.BMP
932,4.9375,I14_13_1.bmp,I14.BMP
933,4.0606,I14_13_2.bmp,I14.BMP
934,3.6176,I14_13_3.bmp,I14.BMP
935,2.1515,I14_13_4.bmp,I14.BMP
936,6.1176,I14_14_1.bmp,I14.BMP
937,4.7879,I14_14_2.bmp,I14.BMP
938,4.2424,I14_14_3.bmp,I14.BMP
939,3.3824,I14_14_4.bmp,I14.BMP
940,2.375,I14_15_1.bmp,I14.BMP
941,3.1765,I14_15_2.bmp,I14.BMP
942,3.7813,I14_15_3.bmp,I14.BMP
943,4.6667,I14_15_4.bmp,I14.BMP
944,6.1515,I14_16_1.bmp,I14.BMP
945,6.2424,I14_16_2.bmp,I14.BMP
946,5.7273,I14_16_3.bmp,I14.BMP
947,5.2121,I14_16_4.bmp,I14.BMP
948,6.9706,I14_17_1.bmp,I14.BMP
949,4.8485,I14_17_2.bmp,I14.BMP
950,7.2941,I14_17_3.bmp,I14.BMP
951,3.9063,I14_17_4.bmp,I14.BMP
952,5.4857,I15_01_1.bmp,I15.BMP
953,5.1714,I15_01_2.bmp,I15.BMP
954,4.5429,I15_01_3.bmp,I15.BMP
955,4.25,I15_01_4.bmp,I15.BMP
956,6.2059,I15_02_1.bmp,I15.BMP
957,5.8235,I15_02_2.bmp,I15.BMP
958,5.2286,I15_02_3.bmp,I15.BMP
959,4.6667,I15_02_4.bmp,I15.BMP
960,4.5,I15_03_1.bmp,I15.BMP
961,3.9429,I15_03_2.bmp,I15.BMP
962,3.3611,I15_03_3.bmp,I15.BMP
963,2.8611,I15_03_4.bmp,I15.BMP
964,6.3889,I15_04_1.bmp,I15.BMP
965,6.3889,I15_04_2.bmp,I15.BMP
966,5.8857,I15_04_3.bmp,I15.BMP
967,5.4857,I15_04_4.bmp,I15.BMP
968,6.4722,I15_05_1.bmp,I15.BMP
969,5.6111,I15_05_2.bmp,I15.BMP
970,4.8056,I15_05_3.bmp,I15.BMP
971,3.6944,I15_05_4.bmp,I15.BMP
972,4.6857,I15_06_1.bmp,I15.BMP
973,4.2647,I15_06_2.bmp,I15.BMP
974,3.8286,I15_06_3.bmp,I15.BMP
975,3.3611,I15_06_4.bmp,I15.BMP
976,4.1143,I15_07_1.bmp,I15.BMP
977,3.9714,I15_07_2.bmp,I15.BMP
978,3.1389,I15_07_3.bmp,I15.BMP
979,2.6944,I15_07_4.bmp,I15.BMP
980,6.1389,I15_08_1.bmp,I15.BMP
981,5.1176,I15_08_2.bmp,I15.BMP
982,4.4722,I15_08_3.bmp,I15.BMP
983,3.6857,I15_08_4.bmp,I15.BMP
984,5.8571,I15_09_1.bmp,I15.BMP
985,5.1714,I15_09_2.bmp,I15.BMP
986,3.9118,I15_09_3.bmp,I15.BMP
987,2.4286,I15_09_4.bmp,I15.BMP
988,6.2857,I15_10_1.bmp,I15.BMP
989,5.1143,I15_10_2.bmp,I15.BMP
990,3.5,I15_10_3.bmp,I15.BMP
991,1.8824,I15_10_4.bmp,I15.BMP
992,4.7222,I15_11_1.bmp,I15.BMP
993,3.0,I15_11_2.bmp,I15.BMP
994,1.8889,I15_11_3.bmp,I15.BMP
995,0.3429,I15_11_4.bmp,I15.BMP
996,5.6571,I15_12_1.bmp,I15.BMP
997,4.3143,I15_12_2.bmp,I15.BMP
998,3.2778,I15_12_3.bmp,I15.BMP
999,2.5714,I15_12_4.bmp,I15.BMP
1000,4.2286,I15_13_1.bmp,I15.BMP
1001,3.4722,I15_13_2.bmp,I15.BMP
1002,2.8333,I15_13_3.bmp,I15.BMP
1003,1.6111,I15_13_4.bmp,I15.BMP
1004,6.2571,I15_14_1.bmp,I15.BMP
1005,6.25,I15_14_2.bmp,I15.BMP
1006,5.0588,I15_14_3.bmp,I15.BMP
1007,3.9706,I15_14_4.bmp,I15.BMP
1008,3.3714,I15_15_1.bmp,I15.BMP
1009,3.6765,I15_15_2.bmp,I15.BMP
1010,4.4857,I15_15_3.bmp,I15.BMP
1011,4.5,I15_15_4.bmp,I15.BMP
1012,6.25,I15_16_1.bmp,I15.BMP
1013,5.5278,I15_16_2.bmp,I15.BMP
1014,5.7778,I15_16_3.bmp,I15.BMP
1015,4.3824,I15_16_4.bmp,I15.BMP
1016,6.5,I15_17_1.bmp,I15.BMP
1017,5.4444,I15_17_2.bmp,I15.BMP
1018,6.5278,I15_17_3.bmp,I15.BMP
1019,4.2222,I15_17_4.bmp,I15.BMP
1020,5.4839,I16_01_1.bmp,I16.BMP
1021,5.5484,I16_01_2.bmp,I16.BMP
1022,4.6774,I16_01_3.bmp,I16.BMP
1023,4.2333,I16_01_4.bmp,I16.BMP
1024,6.0968,I16_02_1.bmp,I16.BMP
1025,5.9667,I16_02_2.bmp,I16.BMP
1026,5.2414,I16_02_3.bmp,I16.BMP
1027,4.8387,I16_02_4.bmp,I16.BMP
1028,4.6452,I16_03_1.bmp,I16.BMP
1029,3.9333,I16_03_2.bmp,I16.BMP
1030,3.4839,I16_03_3.bmp,I16.BMP
1031,3.0,I16_03_4.bmp,I16.BMP
1032,6.1935,I16_04_1.bmp,I16.BMP
1033,5.3333,I16_04_2.bmp,I16.BMP
1034,5.1,I16_04_3.bmp,I16.BMP
1035,4.5333,I16_04_4.bmp,I16.BMP
1036,6.2667,I16_05_1.bmp,I16.BMP
1037,5.4516,I16_05_2.bmp,I16.BMP
1038,4.5806,I16_05_3.bmp,I16.BMP
1039,3.6129,I16_05_4.bmp,I16.BMP
1040,5.0667,I16_06_1.bmp,I16.BMP
1041,4.7097,I16_06_2.bmp,I16.BMP
1042,4.1667,I16_06_3.bmp,I16.BMP
1043,3.9,I16_06_4.bmp,I16.BMP
1044,4.5484,I16_07_1.bmp,I16.BMP
1045,4.0968,I16_07_2.bmp,I16.BMP
1046,3.7333,I16_07_3.bmp,I16.BMP
1047,2.9677,I16_07_4.bmp,I16.BMP
1048,5.4516,I16_08_1.bmp,I16.BMP
1049,4.1613,I16_08_2.bmp,I16.BMP
1050,3.4,I16_08_3.bmp,I16.BMP
1051,2.7,I16_08_4.bmp,I16.BMP
1052,5.871,I16_09_1.bmp,I16.BMP
1053,4.6667,I16_09_2.bmp,I16.BMP
1054,3.2333,I16_09_3.bmp,I16.BMP
1055,2.0,I16_09_4.bmp,I16.BMP
1056,6.2667,I16_10_1.bmp,I16.BMP
1057,5.129,I16_10_2.bmp,I16.BMP
1058,3.0645,I16_10_3.bmp,I16.BMP
1059,2.1333,I16_10_4.bmp,I16.BMP
1060,4.7,I16_11_1.bmp,I16.BMP
1061,2.7097,I16_11_2.bmp,I16.BMP
1062,1.0,I16_11_3.bmp,I16.BMP
1063,0.0,I16_11_4.bmp,I16.BMP
1064,5.9677,I16_12_1.bmp,I16.BMP
1065,4.8276,I16_12_2.bmp,I16.BMP
1066,3.2258,I16_12_3.bmp,I16.BMP
1067,2.4667,I16_12_4.bmp,I16.BMP
1068,4.3667,I16_13_1.bmp,I16.BMP
1069,4.6667,I16_13_2.bmp,I16.BMP
1070,3.0968,I16_13_3.bmp,I16.BMP
1071,3.6667,I16_13_4.bmp,I16.BMP
1072,6.3,I16_14_1.bmp,I16.BMP
1073,6.3103,I16_14_2.bmp,I16.BMP
1074,5.5,I16_14_3.bmp,I16.BMP
1075,4.5862,I16_14_4.bmp,I16.BMP
1076,3.2581,I16_15_1.bmp,I16.BMP
1077,3.4516,I16_15_2.bmp,I16.BMP
1078,4.0968,I16_15_3.bmp,I16.BMP
1079,4.4516,I16_15_4.bmp,I16.BMP
1080,6.1724,I16_16_1.bmp,I16.BMP
1081,5.9677,I16_16_2.bmp,I16.BMP
1082,6.1935,I16_16_3.bmp,I16.BMP
1083,5.0645,I16_16_4.bmp,I16.BMP
1084,7.129,I16_17_1.bmp,I16.BMP
1085,5.0645,I16_17_2.bmp,I16.BMP
1086,6.7742,I16_17_3.bmp,I16.BMP
1087,4.1613,I16_17_4.bmp,I16.BMP
1088,5.6857,I17_01_1.bmp,I17.BMP
1089,5.2222,I17_01_2.bmp,I17.BMP
1090,4.6,I17_01_3.bmp,I17.BMP
1091,4.1429,I17_01_4.bmp,I17.BMP
1092,6.4444,I17_02_1.bmp,I17.BMP
1093,5.8,I17_02_2.bmp,I17.BMP
1094,5.4706,I17_02_3.bmp,I17.BMP
1095,4.9444,I17_02_4.bmp,I17.BMP
1096,4.6286,I17_03_1.bmp,I17.BMP
1097,4.0571,I17_03_2.bmp,I17.BMP
1098,3.6571,I17_03_3.bmp,I17.BMP
1099,3.0,I17_03_4.bmp,I17.BMP
1100,6.0556,I17_04_1.bmp,I17.BMP
1101,5.9143,I17_04_2.bmp,I17.BMP
1102,5.4444,I17_04_3.bmp,I17.BMP
1103,4.5714,I17_04_4.bmp,I17.BMP
1104,6.3333,I17_05_1.bmp,I17.BMP
1105,5.3333,I17_05_2.bmp,I17.BMP
1106,4.9429,I17_05_3.bmp,I17.BMP
1107,3.6667,I17_05_4.bmp,I17.BMP
1108,4.8824,I17_06_1.bmp,I17.BMP
1109,4.4857,I17_06_2.bmp,I17.BMP
1110,3.9143,I17_06_3.bmp,I17.BMP
1111,3.7429,I17_06_4.bmp,I17.BMP
1112,4.75,I17_07_1.bmp,I17.BMP
1113,4.0857,I17_07_2.bmp,I17.BMP
1114,3.2857,I17_07_3.bmp,I17.BMP
1115,2.7429,I17_07_4.bmp,I17.BMP
1116,5.9143,I17_08_1.bmp,I17.BMP
1117,4.8235,I17_08_2.bmp,I17.BMP
1118,3.8788,I17_08_3.bmp,I17.BMP
1119,3.0833,I17_08_4.bmp,I17.BMP
1120,6.1389,I17_09_1.bmp,I17.BMP
1121,5.3235,I17_09_2.bmp,I17.BMP
1122,3.8889,I17_09_3.bmp,I17.BMP
1123,2.5429,I17_09_4.bmp,I17.BMP
1124,6.1667,I17_10_1.bmp,I17.BMP
1125,5.4167,I17_10_2.bmp,I17.BMP
1126,3.3824,I17_10_3.bmp,I17.BMP
1127,1.9714,I17_10_4.bmp,I17.BMP
1128,5.4286,I17_11_1.bmp,I17.BMP
1129,3.3429,I17_11_2.bmp,I17.BMP
1130,2.2222,I17_11_3.bmp,I17.BMP
1131,0.0857,I17_11_4.bmp,I17.BMP
1132,6.2,I17_12_1.bmp,I17.BMP
1133,5.2,I17_12_2.bmp,I17.BMP
1134,3.9444,I17_12_3.bmp,I17.BMP
1135,2.1944,I17_12_4.bmp,I17.BMP
1136,4.2571,I17_13_1.bmp,I17.BMP
1137,3.3333,I17_13_2.bmp,I17.BMP
1138,2.8857,I17_13_3.bmp,I17.BMP
1139,2.2,I17_13_4.bmp,I17.BMP
1140,6.2571,I17_14_1.bmp,I17.BMP
1141,5.4857,I17_14_2.bmp,I17.BMP
1142,4.2222,I17_14_3.bmp,I17.BMP
1143,3.4444,I17_14_4.bmp,I17.BMP
1144,2.9722,I17_15_1.bmp,I17.BMP
1145,3.7143,I17_15_2.bmp,I17.BMP
1146,3.7778,I17_15_3.bmp,I17.BMP
1147,3.8571,I17_15_4.bmp,I17.BMP
1148,6.1429,I17_16_1.bmp,I17.BMP
1149,5.7222,I17_16_2.bmp,I17.BMP
1150,5.9167,I17_16_3.bmp,I17.BMP
1151,4.6857,I17_16_4.bmp,I17.BMP
1152,6.9429,I17_17_1.bmp,I17.BMP
1153,5.3611,I17_17_2.bmp,I17.BMP
1154,6.9444,I17_17_3.bmp,I17.BMP
1155,4.0857,I17_17_4.bmp,I17.BMP
1156,5.6452,I18_01_1.bmp,I18.BMP
1157,5.129,I18_01_2.bmp,I18.BMP
1158,4.7188,I18_01_3.bmp,I18.BMP
1159,3.9667,I18_01_4.bmp,I18.BMP
1160,6.5806,I18_02_1.bmp,I18.BMP
1161,5.7813,I18_02_2.bmp,I18.BMP
1162,5.4516,I18_02_3.bmp,I18.BMP
1163,4.8065,I18_02_4.bmp,I18.BMP
1164,4.5625,I18_03_1.bmp,I18.BMP
1165,4.2188,I18_03_2.bmp,I18.BMP
1166,3.7742,I18_03_3.bmp,I18.BMP
1167,3.0,I18_03_4.bmp,I18.BMP
1168,6.6774,I18_04_1.bmp,I18.BMP
1169,6.1563,I18_04_2.bmp,I18.BMP
1170,5.3438,I18_04_3.bmp,I18.BMP
1171,4.6333,I18_04_4.bmp,I18.BMP
1172,6.1563,I18_05_1.bmp,I18.BMP
1173,5.5,I18_05_2.bmp,I18.BMP
1174,4.5625,I18_05_3.bmp,I18.BMP
1175,3.7097,I18_05_4.bmp,I18.BMP
1176,4.7742,I18_06_1.bmp,I18.BMP
1177,4.5161,I18_06_2.bmp,I18.BMP
1178,4.0,I18_06_3.bmp,I18.BMP
1179,3.6563,I18_06_4.bmp,I18.BMP
1180,4.9677,I18_07_1.bmp,I18.BMP
1181,4.0625,I18_07_2.bmp,I18.BMP
1182,3.7188,I18_07_3.bmp,I18.BMP
1183,3.0313,I18_07_4.bmp,I18.BMP
1184,5.0313,I18_08_1.bmp,I18.BMP
1185,4.0938,I18_08_2.bmp,I18.BMP
1186,3.0313,I18_08_3.bmp,I18.BMP
1187,2.125,I18_08_4.bmp,I18.BMP
1188,6.1563,I18_09_1.bmp,I18.BMP
1189,4.7813,I18_09_2.bmp,I18.BMP
1190,3.0938,I18_09_3.bmp,I18.BMP
1191,1.5161,I18_09_4.bmp,I18.BMP
1192,6.0667,I18_10_1.bmp,I18.BMP
1193,5.1875,I18_10_2.bmp,I18.BMP
1194,3.3226,I18_10_3.bmp,I18.BMP
1195,1.6774,I18_10_4.bmp,I18.BMP
1196,6.0938,I18_11_1.bmp,I18.BMP
1197,4.5161,I18_11_2.bmp,I18.BMP
1198,2.9677,I18_11_3.bmp,I18.BMP
1199,0.5313,I18_11_4.bmp,I18.BMP
1200,6.0,I18_12_1.bmp,I18.BMP
1201,5.9677,I18_12_2.bmp,I18.BMP
1202,4.6875,I18_12_3.bmp,I18.BMP
1203,2.8065,I18_12_4.bmp,I18.BMP
1204,4.7419,I18_13_1.bmp,I18.BMP
1205,3.875,I18_13_2.bmp,I18.BMP
1206,3.0645,I18_13_3.bmp,I18.BMP
1207,2.5938,I18_13_4.bmp,I18.BMP
1208,6.129,I18_14_1.bmp,I18.BMP
1209,4.0625,I18_14_2.bmp,I18.BMP
1210,4.25,I18_14_3.bmp,I18.BMP
1211,3.1613,I18_14_4.bmp,I18.BMP
1212,2.9688,I18_15_1.bmp,I18.BMP
1213,3.7742,I18_15_2.bmp,I18.BMP
1214,4.1935,I18_15_3.bmp,I18.BMP
1215,4.6875,I18_15_4.bmp,I18.BMP
1216,6.7188,I18_16_1.bmp,I18.BMP
1217,5.9063,I18_16_2.bmp,I18.BMP
1218,5.6774,I18_16_3.bmp,I18.BMP
1219,4.5333,I18_16_4.bmp,I18.BMP
1220,6.4375,I18_17_1.bmp,I18.BMP
1221,5.0938,I18_17_2.bmp,I18.BMP
1222,6.0,I18_17_3.bmp,I18.BMP
1223,4.1935,I18_17_4.bmp,I18.BMP
1224,5.5313,I19_01_1.bmp,I19.BMP
1225,5.0323,I19_01_2.bmp,I19.BMP
1226,4.6563,I19_01_3.bmp,I19.BMP
1227,3.9063,I19_01_4.bmp,I19.BMP
1228,6.0323,I19_02_1.bmp,I19.BMP
1229,5.7742,I19_02_2.bmp,I19.BMP
1230,5.1935,I19_02_3.bmp,I19.BMP
1231,4.8125,I19_02_4.bmp,I19.BMP
1232,4.2258,I19_03_1.bmp,I19.BMP
1233,3.7097,I19_03_2.bmp,I19.BMP
1234,3.4063,I19_03_3.bmp,I19.BMP
1235,2.6774,I19_03_4.bmp,I19.BMP
1236,6.0968,I19_04_1.bmp,I19.BMP
1237,5.9063,I19_04_2.bmp,I19.BMP
1238,5.5625,I19_04_3.bmp,I19.BMP
1239,5.1563,I19_04_4.bmp,I19.BMP
1240,5.9688,I19_05_1.bmp,I19.BMP
1241,5.0968,I19_05_2.bmp,I19.BMP
1242,4.3548,I19_05_3.bmp,I19.BMP
1243,3.4688,I19_05_4.bmp,I19.BMP
1244,4.9375,I19_06_1.bmp,I19.BMP
1245,4.4688,I19_06_2.bmp,I19.BMP
1246,3.7742,I19_06_3.bmp,I19.BMP
1247,3.5313,I19_06_4.bmp,I19.BMP
1248,4.5,I19_07_1.bmp,I19.BMP
1249,4.0,I19_07_2.bmp,I19.BMP
1250,3.4375,I19_07_3.bmp,I19.BMP
1251,2.9688,I19_07_4.bmp,I19.BMP
1252,4.9688,I19_08_1.bmp,I19.BMP
1253,3.7667,I19_08_2.bmp,I19.BMP
1254,3.2258,I19_08_3.bmp,I19.BMP
1255,2.3438,I19_08_4.bmp,I19.BMP
1256,6.125,I19_09_1.bmp,I19.BMP
1257,5.1333,I19_09_2.bmp,I19.BMP
1258,3.3871,I19_09_3.bmp,I19.BMP
1259,1.875,I19_09_4.bmp,I19.BMP
1260,6.129,I19_10_1.bmp,I19.BMP
1261,5.2903,I19_10_2.bmp,I19.BMP
1262,3.1563,I19_10_3.bmp,I19.BMP
1263,1.4194,I19_10_4.bmp,I19.BMP
1264,5.5806,I19_11_1.bmp,I19.BMP
1265,4.5938,I19_11_2.bmp,I19.BMP
1266,2.8333,I19_11_3.bmp,I19.BMP
1267,0.7742,I19_11_4.bmp,I19.BMP
1268,5.9677,I19_12_1.bmp,I19.BMP
1269,5.1875,I19_12_2.bmp,I19.BMP
1270,5.125,I19_12_3.bmp,I19.BMP
1271,4.4375,I19_12_4.bmp,I19.BMP
1272,4.2667,I19_13_1.bmp,I19.BMP
1273,3.8438,I19_13_2.bmp,I19.BMP
1274,3.4063,I19_13_3.bmp,I19.BMP
1275,2.4063,I19_13_4.bmp,I19.BMP
1276,6.3871,I19_14_1.bmp,I19.BMP
1277,5.9,I19_14_2.bmp,I19.BMP
1278,5.2258,I19_14_3.bmp,I19.BMP
1279,3.9063,I19_14_4.bmp,I19.BMP
1280,2.8387,I19_15_1.bmp,I19.BMP
1281,3.2667,I19_15_2.bmp,I19.BMP
1282,3.9355,I19_15_3.bmp,I19.BMP
1283,4.4194,I19_15_4.bmp,I19.BMP
1284,6.625,I19_16_1.bmp,I19.BMP
1285,5.8667,I19_16_2.bmp,I19.BMP
1286,6.0625,I19_16_3.bmp,I19.BMP
1287,5.0333,I19_16_4.bmp,I19.BMP
1288,6.4375,I19_17_1.bmp,I19.BMP
1289,5.0,I19_17_2.bmp,I19.BMP
1290,6.25,I19_17_3.bmp,I19.BMP
1291,3.6774,I19_17_4.bmp,I19.BMP
1292,5.7714,I20_01_1.bmp,I20.BMP
1293,5.1714,I20_01_2.bmp,I20.BMP
1294,4.7059,I20_01_3.bmp,I20.BMP
1295,4.2571,I20_01_4.bmp,I20.BMP
1296,6.3429,I20_02_1.bmp,I20.BMP
1297,5.9429,I20_02_2.bmp,I20.BMP
1298,5.7941,I20_02_3.bmp,I20.BMP
1299,5.0,I20_02_4.bmp,I20.BMP
1300,4.4571,I20_03_1.bmp,I20.BMP
1301,3.9429,I20_03_2.bmp,I20.BMP
1302,3.6765,I20_03_3.bmp,I20.BMP
1303,3.0882,I20_03_4.bmp,I20.BMP
1304,5.9706,I20_04_1.bmp,I20.BMP
1305,5.4857,I20_04_2.bmp,I20.BMP
1306,4.8125,I20_04_3.bmp,I20.BMP
1307,4.1176,I20_04_4.bmp,I20.BMP
1308,5.9697,I20_05_1.bmp,I20.BMP
1309,5.3429,I20_05_2.bmp,I20.BMP
1310,4.6765,I20_05_3.bmp,I20.BMP
1311,3.5429,I20_05_4.bmp,I20.BMP
1312,4.8438,I20_06_1.bmp,I20.BMP
1313,4.0882,I20_06_2.bmp,I20.BMP
1314,4.0294,I20_06_3.bmp,I20.BMP
1315,3.2059,I20_06_4.bmp,I20.BMP
1316,5.0571,I20_07_1.bmp,I20.BMP
1317,4.5588,I20_07_2.bmp,I20.BMP
1318,3.697,I20_07_3.bmp,I20.BMP
1319,3.2941,I20_07_4.bmp,I20.BMP
1320,5.5714,I20_08_1.bmp,I20.BMP
1321,4.6286,I20_08_2.bmp,I20.BMP
1322,3.6571,I20_08_3.bmp,I20.BMP
1323,2.6571,I20_08_4.bmp,I20.BMP
1324,6.6,I20_09_1.bmp,I20.BMP
1325,5.7059,I20_09_2.bmp,I20.BMP
1326,4.0286,I20_09_3.bmp,I20.BMP
1327,2.0882,I20_09_4.bmp,I20.BMP
1328,6.0571,I20_10_1.bmp,I20.BMP
1329,5.3714,I20_10_2.bmp,I20.BMP
1330,3.6176,I20_10_3.bmp,I20.BMP
1331,2.2353,I20_10_4.bmp,I20.BMP
1332,5.0571,I20_11_1.bmp,I20.BMP
1333,3.3333,I20_11_2.bmp,I20.BMP
1334,1.8571,I20_11_3.bmp,I20.BMP
1335,0.1875,I20_11_4.bmp,I20.BMP
1336,5.4412,I20_12_1.bmp,I20.BMP
1337,4.6571,I20_12_2.bmp,I20.BMP
1338,4.1176,I20_12_3.bmp,I20.BMP
1339,2.4571,I20_12_4.bmp,I20.BMP
1340,4.1143,I20_13_1.bmp,I20.BMP
1341,4.3143,I20_13_2.bmp,I20.BMP
1342,2.9394,I20_13_3.bmp,I20.BMP
1343,2.4412,I20_13_4.bmp,I20.BMP
1344,6.1176,I20_14_1.bmp,I20.BMP
1345,4.8485,I20_14_2.bmp,I20.BMP
1346,3.8,I20_14_3.bmp,I20.BMP
1347,3.2727,I20_14_4.bmp,I20.BMP
1348,2.5429,I20_15_1.bmp,I20.BMP
1349,3.3824,I20_15_2.bmp,I20.BMP
1350,3.7941,I20_15_3.bmp,I20.BMP
1351,4.4286,I20_15_4.bmp,I20.BMP
1352,6.5882,I20_16_1.bmp,I20.BMP
1353,6.5,I20_16_2.bmp,I20.BMP
1354,6.5143,I20_16_3.bmp,I20.BMP
1355,5.6286,I20_16_4.bmp,I20.BMP
1356,6.8857,I20_17_1.bmp,I20.BMP
1357,5.3714,I20_17_2.bmp,I20.BMP
1358,6.6765,I20_17_3.bmp,I20.BMP
1359,4.0,I20_17_4.bmp,I20.BMP
1360,5.2813,I21_01_1.bmp,I21.BMP
1361,5.0,I21_01_2.bmp,I21.BMP
1362,4.2581,I21_01_3.bmp,I21.BMP
1363,3.9688,I21_01_4.bmp,I21.BMP
1364,6.3438,I21_02_1.bmp,I21.BMP
1365,5.8438,I21_02_2.bmp,I21.BMP
1366,5.1333,I21_02_3.bmp,I21.BMP
1367,4.6875,I21_02_4.bmp,I21.BMP
1368,4.375,I21_03_1.bmp,I21.BMP
1369,3.8387,I21_03_2.bmp,I21.BMP
1370,3.4333,I21_03_3.bmp,I21.BMP
1371,3.0645,I21_03_4.bmp,I21.BMP
1372,6.1875,I21_04_1.bmp,I21.BMP
1373,5.9375,I21_04_2.bmp,I21.BMP
1374,5.5333,I21_04_3.bmp,I21.BMP
1375,4.9063,I21_04_4.bmp,I21.BMP
1376,6.0,I21_05_1.bmp,I21.BMP
1377,5.4375,I21_05_2.bmp,I21.BMP
1378,4.6774,I21_05_3.bmp,I21.BMP
1379,3.4333,I21_05_4.bmp,I21.BMP
1380,4.9333,I21_06_1.bmp,I21.BMP
1381,4.5161,I21_06_2.bmp,I21.BMP
1382,4.2258,I21_06_3.bmp,I21.BMP
1383,3.9355,I21_06_4.bmp,I21.BMP
1384,4.75,I21_07_1.bmp,I21.BMP
1385,4.1563,I21_07_2.bmp,I21.BMP
1386,3.4375,I21_07_3.bmp,I21.BMP
1387,3.1563,I21_07_4.bmp,I21.BMP
1388,5.0645,I21_08_1.bmp,I21.BMP
1389,4.1875,I21_08_2.bmp,I21.BMP
1390,3.4,I21_08_3.bmp,I21.BMP
1391,2.4063,I21_08_4.bmp,I21.BMP
1392,6.25,I21_09_1.bmp,I21.BMP
1393,5.6333,I21_09_2.bmp,I21.BMP
1394,3.6774,I21_09_3.bmp,I21.BMP
1395,2.375,I21_09_4.bmp,I21.BMP
1396,6.0,I21_10_1.bmp,I21.BMP
1397,4.8065,I21_10_2.bmp,I21.BMP
1398,3.25,I21_10_3.bmp,I21.BMP
1399,1.3226,I21_10_4.bmp,I21.BMP
1400,5.5938,I21_11_1.bmp,I21.BMP
1401,4.7667,I21_11_2.bmp,I21.BMP
1402,3.0645,I21_11_3.bmp,I21.BMP
1403,0.4516,I21_11_4.bmp,I21.BMP
1404,5.0938,I21_12_1.bmp,I21.BMP
1405,6.2903,I21_12_2.bmp,I21.BMP
1406,6.0968,I21_12_3.bmp,I21.BMP
1407,1.9667,I21_12_4.bmp,I21.BMP
1408,4.2188,I21_13_1.bmp,I21.BMP
1409,3.7188,I21_13_2.bmp,I21.BMP
1410,3.0,I21_13_3.bmp,I21.BMP
1411,2.9063,I21_13_4.bmp,I21.BMP
1412,6.3226,I21_14_1.bmp,I21.BMP
1413,6.2188,I21_14_2.bmp,I21.BMP
1414,4.2667,I21_14_3.bmp,I21.BMP
1415,3.7188,I21_14_4.bmp,I21.BMP
1416,2.1613,I21_15_1.bmp,I21.BMP
1417,3.125,I21_15_2.bmp,I21.BMP
1418,3.2581,I21_15_3.bmp,I21.BMP
1419,3.9032,I21_15_4.bmp,I21.BMP
1420,6.3438,I21_16_1.bmp,I21.BMP
1421,5.8667,I21_16_2.bmp,I21.BMP
1422,5.6452,I21_16_3.bmp,I21.BMP
1423,5.3125,I21_16_4.bmp,I21.BMP
1424,6.7097,I21_17_1.bmp,I21.BMP
1425,4.9677,I21_17_2.bmp,I21.BMP
1426,6.1563,I21_17_3.bmp,I21.BMP
1427,4.2903,I21_17_4.bmp,I21.BMP
1428,5.6667,I22_01_1.bmp,I22.BMP
1429,5.1034,I22_01_2.bmp,I22.BMP
1430,4.8333,I22_01_3.bmp,I22.BMP
1431,4.2581,I22_01_4.bmp,I22.BMP
1432,5.9677,I22_02_1.bmp,I22.BMP
1433,5.8065,I22_02_2.bmp,I22.BMP
1434,5.3667,I22_02_3.bmp,I22.BMP
1435,4.9667,I22_02_4.bmp,I22.BMP
1436,4.2414,I22_03_1.bmp,I22.BMP
1437,3.9355,I22_03_2.bmp,I22.BMP
1438,3.2667,I22_03_3.bmp,I22.BMP
1439,2.8,I22_03_4.bmp,I22.BMP
1440,6.0968,I22_04_1.bmp,I22.BMP
1441,5.6,I22_04_2.bmp,I22.BMP
1442,5.5333,I22_04_3.bmp,I22.BMP
1443,4.7,I22_04_4.bmp,I22.BMP
1444,5.7931,I22_05_1.bmp,I22.BMP
1445,5.2,I22_05_2.bmp,I22.BMP
1446,4.5806,I22_05_3.bmp,I22.BMP
1447,3.5333,I22_05_4.bmp,I22.BMP
1448,4.5667,I22_06_1.bmp,I22.BMP
1449,4.3,I22_06_2.bmp,I22.BMP
1450,4.0667,I22_06_3.bmp,I22.BMP
1451,3.3667,I22_06_4.bmp,I22.BMP
1452,5.4194,I22_07_1.bmp,I22.BMP
1453,4.6129,I22_07_2.bmp,I22.BMP
1454,4.0,I22_07_3.bmp,I22.BMP
1455,2.8,I22_07_4.bmp,I22.BMP
1456,5.4194,I22_08_1.bmp,I22.BMP
1457,4.5161,I22_08_2.bmp,I22.BMP
1458,3.6,I22_08_3.bmp,I22.BMP
1459,2.2759,I22_08_4.bmp,I22.BMP
1460,6.0323,I22_09_1.bmp,I22.BMP
1461,4.9355,I22_09_2.bmp,I22.BMP
1462,3.5,I22_09_3.bmp,I22.BMP
1463,2.0968,I22_09_4.bmp,I22.BMP
1464,6.0645,I22_10_1.bmp,I22.BMP
1465,5.5484,I22_10_2.bmp,I22.BMP
1466,3.4839,I22_10_3.bmp,I22.BMP
1467,1.4194,I22_10_4.bmp,I22.BMP
1468,5.8333,I22_11_1.bmp,I22.BMP
1469,4.5161,I22_11_2.bmp,I22.BMP
1470,2.0333,I22_11_3.bmp,I22.BMP
1471,0.0345,I22_11_4.bmp,I22.BMP
1472,6.1613,I22_12_1.bmp,I22.BMP
1473,5.9333,I22_12_2.bmp,I22.BMP
1474,3.9355,I22_12_3.bmp,I22.BMP
1475,2.6667,I22_12_4.bmp,I22.BMP
1476,4.5161,I22_13_1.bmp,I22.BMP
1477,3.9667,I22_13_2.bmp,I22.BMP
1478,3.1333,I22_13_3.bmp,I22.BMP
1479,2.6667,I22_13_4.bmp,I22.BMP
1480,6.2414,I22_14_1.bmp,I22.BMP
1481,5.7419,I22_14_2.bmp,I22.BMP
1482,4.6897,I22_14_3.bmp,I22.BMP
1483,4.3548,I22_14_4.bmp,I22.BMP
1484,2.7742,I22_15_1.bmp,I22.BMP
1485,3.2333,I22_15_2.bmp,I22.BMP
1486,4.0,I22_15_3.bmp,I22.BMP
1487,4.4839,I22_15_4.bmp,I22.BMP
1488,6.0,I22_16_1.bmp,I22.BMP
1489,6.0645,I22_16_2.bmp,I22.BMP
1490,4.8,I22_16_3.bmp,I22.BMP
1491,5.129,I22_16_4.bmp,I22.BMP
1492,7.129,I22_17_1.bmp,I22.BMP
1493,4.5484,I22_17_2.bmp,I22.BMP
1494,6.2903,I22_17_3.bmp,I22.BMP
1495,3.4333,I22_17_4.bmp,I22.BMP
1496,5.7188,I23_01_1.bmp,I23.BMP
1497,5.1935,I23_01_2.bmp,I23.BMP
1498,4.7742,I23_01_3.bmp,I23.BMP
1499,4.0645,I23_01_4.bmp,I23.BMP
1500,6.2581,I23_02_1.bmp,I23.BMP
1501,6.0,I23_02_2.bmp,I23.BMP
1502,5.6452,I23_02_3.bmp,I23.BMP
1503,4.9677,I23_02_4.bmp,I23.BMP
1504,4.3667,I23_03_1.bmp,I23.BMP
1505,4.129,I23_03_2.bmp,I23.BMP
1506,3.5625,I23_03_3.bmp,I23.BMP
1507,3.0938,I23_03_4.bmp,I23.BMP
1508,6.0313,I23_04_1.bmp,I23.BMP
1509,5.7742,I23_04_2.bmp,I23.BMP
1510,5.2258,I23_04_3.bmp,I23.BMP
1511,4.5806,I23_04_4.bmp,I23.BMP
1512,5.7097,I23_05_1.bmp,I23.BMP
1513,5.6563,I23_05_2.bmp,I23.BMP
1514,4.8065,I23_05_3.bmp,I23.BMP
1515,4.0667,I23_05_4.bmp,I23.BMP
1516,4.9688,I23_06_1.bmp,I23.BMP
1517,4.5313,I23_06_2.bmp,I23.BMP
1518,4.1613,I23_06_3.bmp,I23.BMP
1519,3.6875,I23_06_4.bmp,I23.BMP
1520,4.4375,I23_07_1.bmp,I23.BMP
1521,3.9677,I23_07_2.bmp,I23.BMP
1522,3.6129,I23_07_3.bmp,I23.BMP
1523,2.5161,I23_07_4.bmp,I23.BMP
1524,5.4688,I23_08_1.bmp,I23.BMP
1525,4.9375,I23_08_2.bmp,I23.BMP
1526,4.0,I23_08_3.bmp,I23.BMP
1527,2.7,I23_08_4.bmp,I23.BMP
1528,6.5313,I23_09_1.bmp,I23.BMP
1529,5.6875,I23_09_2.bmp,I23.BMP
1530,4.5161,I23_09_3.bmp,I23.BMP
1531,2.8438,I23_09_4.bmp,I23.BMP
1532,6.3438,I23_10_1.bmp,I23.BMP
1533,5.25,I23_10_2.bmp,I23.BMP
1534,3.8065,I23_10_3.bmp,I23.BMP
1535,2.25,I23_10_4.bmp,I23.BMP
1536,4.5806,I23_11_1.bmp,I23.BMP
1537,3.3226,I23_11_2.bmp,I23.BMP
1538,2.129,I23_11_3.bmp,I23.BMP
1539,0.1935,I23_11_4.bmp,I23.BMP
1540,5.9355,I23_12_1.bmp,I23.BMP
1541,3.7188,I23_12_2.bmp,I23.BMP
1542,2.7419,I23_12_3.bmp,I23.BMP
1543,1.5938,I23_12_4.bmp,I23.BMP
1544,4.5313,I23_13_1.bmp,I23.BMP
1545,3.625,I23_13_2.bmp,I23.BMP
1546,3.129,I23_13_3.bmp,I23.BMP
1547,3.0,I23_13_4.bmp,I23.BMP
1548,6.0313,I23_14_1.bmp,I23.BMP
1549,4.4,I23_14_2.bmp,I23.BMP
1550,5.125,I23_14_3.bmp,I23.BMP
1551,3.6563,I23_14_4.bmp,I23.BMP
1552,2.4375,I23_15_1.bmp,I23.BMP
1553,3.2188,I23_15_2.bmp,I23.BMP
1554,3.9063,I23_15_3.bmp,I23.BMP
1555,4.2581,I23_15_4.bmp,I23.BMP
1556,6.2813,I23_16_1.bmp,I23.BMP
1557,6.4688,I23_16_2.bmp,I23.BMP
1558,5.375,I23_16_3.bmp,I23.BMP
1559,6.6875,I23_16_4.bmp,I23.BMP
1560,6.9688,I23_17_1.bmp,I23.BMP
1561,5.0667,I23_17_2.bmp,I23.BMP
1562,6.9688,I23_17_3.bmp,I23.BMP
1563,4.0,I23_17_4.bmp,I23.BMP
1564,5.1875,I24_01_1.bmp,I24.BMP
1565,4.9677,I24_01_2.bmp,I24.BMP
1566,4.7742,I24_01_3.bmp,I24.BMP
1567,4.2188,I24_01_4.bmp,I24.BMP
1568,6.0,I24_02_1.bmp,I24.BMP
1569,5.6875,I24_02_2.bmp,I24.BMP
1570,5.4688,I24_02_3.bmp,I24.BMP
1571,4.7742,I24_02_4.bmp,I24.BMP
1572,4.625,I24_03_1.bmp,I24.BMP
1573,4.0,I24_03_2.bmp,I24.BMP
1574,3.5313,I24_03_3.bmp,I24.BMP
1575,2.8438,I24_03_4.bmp,I24.BMP
1576,6.125,I24_04_1.bmp,I24.BMP
1577,6.0,I24_04_2.bmp,I24.BMP
1578,5.4333,I24_04_3.bmp,I24.BMP
1579,4.9032,I24_04_4.bmp,I24.BMP
1580,6.0968,I24_05_1.bmp,I24.BMP
1581,5.1613,I24_05_2.bmp,I24.BMP
1582,4.3548,I24_05_3.bmp,I24.BMP
1583,3.5938,I24_05_4.bmp,I24.BMP
1584,4.5806,I24_06_1.bmp,I24.BMP
1585,4.5938,I24_06_2.bmp,I24.BMP
1586,4.0323,I24_06_3.bmp,I24.BMP
1587,3.4063,I24_06_4.bmp,I24.BMP
1588,4.8333,I24_07_1.bmp,I24.BMP
1589,3.8387,I24_07_2.bmp,I24.BMP
1590,3.125,I24_07_3.bmp,I24.BMP
1591,2.7333,I24_07_4.bmp,I24.BMP
1592,5.4063,I24_08_1.bmp,I24.BMP
1593,4.6875,I24_08_2.bmp,I24.BMP
1594,3.5313,I24_08_3.bmp,I24.BMP
1595,2.75,I24_08_4.bmp,I24.BMP
1596,5.5517,I24_09_1.bmp,I24.BMP
1597,4.7742,I24_09_2.bmp,I24.BMP
1598,3.1935,I24_09_3.bmp,I24.BMP
1599,1.8387,I24_09_4.bmp,I24.BMP
1600,5.8667,I24_10_1.bmp,I24.BMP
1601,5.3438,I24_10_2.bmp,I24.BMP
1602,3.2813,I24_10_3.bmp,I24.BMP
1603,1.2581,I24_10_4.bmp,I24.BMP
1604,5.3226,I24_11_1.bmp,I24.BMP
1605,4.2,I24_11_2.bmp,I24.BMP
1606,2.4516,I24_11_3.bmp,I24.BMP
1607,0.1613,I24_11_4.bmp,I24.BMP
1608,6.4194,I24_12_1.bmp,I24.BMP
1609,5.9375,I24_12_2.bmp,I24.BMP
1610,3.3226,I24_12_3.bmp,I24.BMP
1611,2.6875,I24_12_4.bmp,I24.BMP
1612,4.0,I24_13_1.bmp,I24.BMP
1613,3.5625,I24_13_2.bmp,I24.BMP
1614,3.0,I24_13_3.bmp,I24.BMP
1615,3.129,I24_13_4.bmp,I24.BMP
1616,6.5313,I24_14_1.bmp,I24.BMP
1617,5.3871,I24_14_2.bmp,I24.BMP
1618,5.0625,I24_14_3.bmp,I24.BMP
1619,4.5,I24_14_4.bmp,I24.BMP
1620,3.2813,I24_15_1.bmp,I24.BMP
1621,4.2188,I24_15_2.bmp,I24.BMP
1622,4.0645,I24_15_3.bmp,I24.BMP
1623,4.0313,I24_15_4.bmp,I24.BMP
1624,6.0323,I24_16_1.bmp,I24.BMP
1625,6.0625,I24_16_2.bmp,I24.BMP
1626,5.3548,I24_16_3.bmp,I24.BMP
1627,5.6563,I24_16_4.bmp,I24.BMP
1628,7.2188,I24_17_1.bmp,I24.BMP
1629,5.2258,I24_17_2.bmp,I24.BMP
1630,7.2813,I24_17_3.bmp,I24.BMP
1631,3.7742,I24_17_4.bmp,I24.BMP
1632,5.0769,I25_01_1.bmp,I25.BMP
1633,5.0,I25_01_2.bmp,I25.BMP
1634,4.36,I25_01_3.bmp,I25.BMP
1635,3.88,I25_01_4.bmp,I25.BMP
1636,5.8462,I25_02_1.bmp,I25.BMP
1637,5.9231,I25_02_2.bmp,I25.BMP
1638,5.125,I25_02_3.bmp,I25.BMP
1639,4.76,I25_02_4.bmp,I25.BMP
1640,4.4,I25_03_1.bmp,I25.BMP
1641,3.64,I25_03_2.bmp,I25.BMP
1642,3.3846,I25_03_3.bmp,I25.BMP
1643,2.5385,I25_03_4.bmp,I25.BMP
1644,6.1538,I25_04_1.bmp,I25.BMP
1645,6.1923,I25_04_2.bmp,I25.BMP
1646,5.88,I25_04_3.bmp,I25.BMP
1647,5.5769,I25_04_4.bmp,I25.BMP
1648,5.9615,I25_05_1.bmp,I25.BMP
1649,5.0385,I25_05_2.bmp,I25.BMP
1650,4.1667,I25_05_3.bmp,I25.BMP
1651,3.4231,I25_05_4.bmp,I25.BMP
1652,4.4,I25_06_1.bmp,I25.BMP
1653,4.3462,I25_06_2.bmp,I25.BMP
1654,4.12,I25_06_3.bmp,I25.BMP
1655,3.5,I25_06_4.bmp,I25.BMP
1656,3.5769,I25_07_1.bmp,I25.BMP
1657,3.5385,I25_07_2.bmp,I25.BMP
1658,3.28,I25_07_3.bmp,I25.BMP
1659,2.8462,I25_07_4.bmp,I25.BMP
1660,5.64,I25_08_1.bmp,I25.BMP
1661,4.24,I25_08_2.bmp,I25.BMP
1662,2.96,I25_08_3.bmp,I25.BMP
1663,1.7692,I25_08_4.bmp,I25.BMP
1664,5.8462,I25_09_1.bmp,I25.BMP
1665,5.16,I25_09_2.bmp,I25.BMP
1666,3.6,I25_09_3.bmp,I25.BMP
1667,1.76,I25_09_4.bmp,I25.BMP
1668,5.9615,I25_10_1.bmp,I25.BMP
1669,4.8077,I25_10_2.bmp,I25.BMP
1670,2.8462,I25_10_3.bmp,I25.BMP
1671,0.84,I25_10_4.bmp,I25.BMP
1672,6.44,I25_11_1.bmp,I25.BMP
1673,6.0769,I25_11_2.bmp,I25.BMP
1674,5.375,I25_11_3.bmp,I25.BMP
1675,4.7692,I25_11_4.bmp,I25.BMP
1676,5.6667,I25_12_1.bmp,I25.BMP
1677,4.52,I25_12_2.bmp,I25.BMP
1678,4.52,I25_12_3.bmp,I25.BMP
1679,4.5385,I25_12_4.bmp,I25.BMP
1680,6.0,I25_13_1.bmp,I25.BMP
1681,3.92,I25_13_2.bmp,I25.BMP
1682,4.56,I25_13_3.bmp,I25.BMP
1683,3.1923,I25_13_4.bmp,I25.BMP
1684,4.68,I25_14_1.bmp,I25.BMP
1685,4.0769,I25_14_2.bmp,I25.BMP
1686,3.0,I25_14_3.bmp,I25.BMP
1687,2.3462,I25_14_4.bmp,I25.BMP
1688,2.36,I25_15_1.bmp,I25.BMP
1689,3.3077,I25_15_2.bmp,I25.BMP
1690,3.8846,I25_15_3.bmp,I25.BMP
1691,4.28,I25_15_4.bmp,I25.BMP
1692,6.6538,I25_16_1.bmp,I25.BMP
1693,6.2308,I25_16_2.bmp,I25.BMP
1694,5.8462,I25_16_3.bmp,I25.BMP
1695,4.6,I25_16_4.bmp,I25.BMP
1696,7.24,I25_17_1.bmp,I25.BMP
1697,5.0,I25_17_2.bmp,I25.BMP
1698,6.4615,I25_17_3.bmp,I25.BMP
1699,3.5,I25_17_4.bmp,I25.BMP
